ts,short_high,short_low,long_gap,reset_limit,hi,lo,gap
2026-01-24T12:33:47,540,432,9692,9696,490,483,8498
2026-01-24T12:36:15,544,424,9676,9680,488,488,8507
2026-01-24T12:37:22,524,444,9488,9492,481,495,8363
2026-01-24T12:38:35,516,456,9348,9352,479,495,8303
2026-01-24T12:41:08,512,456,9300,9304,479,495,8272
2026-01-24T12:42:08,512,456,9260,9264,479,495,8265
2026-01-24T12:44:47,516,448,9228,9232,477,500,8277
2026-01-24T12:47:08,512,460,9260,9264,477,498,8270
2026-01-24T12:48:07,492,1000,4048,4068,489,458,8870
2026-01-24T12:49:11,476,1012,4068,4092,511,418,9470
2026-01-24T12:50:42,544,380,9892,9896,492,458,9084
2026-01-24T12:58:28,656,2064,9056,9176,452,418,9199
2026-01-24T12:59:26,488,376,788,812,466,458,9799
2026-01-24T13:21:36,500,416,868,888,473,482,10399
2026-01-24T13:27:59,504,444,924,944,478,489,10999
2026-01-24T15:30:11,548,1064,1976,1992,456,449,11599
2026-01-24T15:33:45,476,1016,4060,4076,534,416,9848
2026-01-24T15:36:40,488,488,980,1008,548,397,10448
2026-01-24T15:46:37,540,420,9716,9720,495,478,8967
2026-01-24T15:48:12,488,484,976,1000,509,461,9567
2026-01-24T15:53:37,488,488,976,996,526,437,9848
2026-01-24T15:54:46,436,56,1008,2108,566,477,10448
2026-01-24T16:01:32,260,472,744,1064,552,446,9848
2026-01-24T16:15:35,484,492,980,1008,569,424,10448
2026-01-24T16:37:14,532,428,9708,9712,500,473,8972
2026-01-24T16:38:17,1136,1788,7284,7288,460,433,9572
2026-01-24T16:58:38,492,392,824,2036,524,494,9848
2026-01-24T16:59:41,480,492,984,1020,543,472,10448
2026-01-24T17:00:41,272,212,1212,1008,583,512,11048
2026-01-24T17:01:52,612,480,992,4504,543,498,11648
2026-01-24T17:02:51,572,464,964,7232,507,493,12248
2026-01-24T17:03:51,536,460,952,7216,493,491,12848
2026-01-24T17:04:58,476,1012,4064,4156,515,451,13448
2026-01-24T17:06:07,552,52,14404,1212,491,491,12848
2026-01-24T17:07:16,520,460,948,968,486,489,13448
2026-01-24T17:08:34,504,468,956,972,491,482,14048
2026-01-24T17:09:36,512,452,936,956,491,484,14648
2026-01-24T17:10:38,472,1020,4060,4100,515,444,15248
2026-01-24T17:11:40,460,496,3424,3992,546,420,15848
2026-01-24T17:12:41,272,216,1204,824,586,460,16448
2026-01-24T17:15:38,568,392,812,4084,473,507,9364
2026-01-24T17:19:15,572,388,808,3660,437,547,9964
2026-01-24T17:20:39,460,516,1064,324,468,511,10564
2026-01-24T17:21:53,468,508,1052,1072,494,480,11164
2026-01-24T17:31:44,472,504,10004,1168,518,451,10710
2026-01-24T17:32:51,552,408,10844,7320,494,480,10110
2026-01-24T17:33:53,520,448,10284,7332,489,485,9510
2026-01-24T17:34:57,516,456,10204,4148,487,485,8936
2026-01-24T17:36:03,512,452,10040,2004,487,487,8461
2026-01-24T17:37:12,512,456,9796,4088,487,487,8132
2026-01-24T17:38:17,468,1020,4076,4072,513,447,8732
2026-01-24T17:39:33,536,416,10120,1020,499,471,8209
2026-01-24T17:41:27,524,440,9552,8704,492,481,8027
2026-01-24T17:44:31,248,244,3932,253952,532,521,8627
2026-01-24T17:46:21,560,484,10408,9696,503,504,8027
2026-01-24T17:47:22,540,456,9936,9036,486,504,7614
2026-01-24T17:49:37,536,464,9820,9104,489,499,7684
2026-01-24T17:51:20,520,460,8168,976,484,497,8284
2026-01-24T17:52:30,516,456,9532,2620,482,497,8114
2026-01-24T17:53:31,512,456,9400,5048,482,497,8023
2026-01-24T17:54:29,512,460,9628,728,482,495,7795
2026-01-24T17:55:32,512,460,9476,5020,482,493,7658
2026-01-24T17:56:38,512,456,9132,4412,482,493,7728
2026-01-24T18:07:36,500,468,9136,8232,489,486,7795
2026-01-24T18:08:40,504,464,9228,8300,494,481,7807
2026-01-24T18:09:45,512,456,9264,8292,494,481,7797
2026-01-24T18:10:51,656,2064,9136,4096,454,441,7864
2026-01-24T18:11:53,468,420,9388,2592,480,463,7780
2026-01-24T18:12:57,496,440,9424,2324,490,473,7674
2026-01-24T18:13:57,508,448,9416,6420,492,478,7573
2026-01-24T18:16:05,652,2068,9132,9168,450,433,7744
2026-01-24T18:17:15,468,404,9304,840,476,464,7710
2026-01-24T18:18:23,496,436,9096,8196,486,476,7801
2026-01-24T18:21:50,480,452,9100,8200,505,478,7890
2026-01-24T18:24:48,488,464,9144,8288,500,471,7863
2026-01-24T18:25:53,624,2096,9152,9148,460,431,7921
2026-01-24T18:26:56,464,420,9196,8392,489,453,7952
2026-01-24T18:27:56,492,440,9208,8416,501,463,7976
2026-01-24T18:29:36,504,452,9332,8464,506,465,7926
2026-01-24T18:33:05,512,452,9624,8892,506,467,7700
2026-01-24T18:34:53,512,452,9488,8656,506,469,7556
2026-01-24T18:36:05,512,456,10364,8044,506,469,6956
2026-01-24T18:37:10,512,456,10324,7440,506,469,6356
2026-01-24T18:52:05,512,452,10364,7308,506,471,5756
2026-01-24T18:53:06,512,456,10364,6720,506,471,5156
2026-01-24T18:54:05,512,456,10364,6112,506,471,4556
2026-01-24T18:55:04,512,456,10364,5516,506,471,3956
2026-01-24T18:56:02,512,460,10364,4904,506,469,3356
2026-01-24T18:57:04,512,456,10324,4300,506,469,2756
2026-01-24T18:58:17,512,456,10364,3692,506,469,2156
2026-01-24T18:59:17,508,460,10284,2632,508,467,2000
2026-01-24T19:00:53,516,452,10404,2472,506,469,2000
2026-01-24T19:01:54,516,452,10364,2472,504,471,2000
2026-01-24T19:02:58,512,456,10324,2476,504,471,2000
2026-01-24T20:12:53,528,420,10484,2868,494,493,2000
2026-01-24T20:14:02,516,444,10444,2900,492,500,2000
2026-01-24T20:15:28,516,448,10244,2928,490,505,2000
