house,temp_c,r12_hex,ec40_hex
3,14.9,0x29E,ec4013029410239e
3,14.9,0x29E,ec4013029410239e
3,14.9,0x29E,ec4013029410239e
3,14.9,0x29E,ec4013029410239e
3,14.8,0x2EB,ec401302841013eb
3,14.8,0x2EB,ec401302841013eb
3,14.8,0x2EB,ec401302841013eb
3,14.8,0x2EB,ec401302841013eb
3,14.8,0x2EB,ec401302841013eb
3,14.8,0x2EB,ec401302841013eb
3,14.8,0x2EB,ec401302841013eb
3,14.8,0x2EB,ec401302841013eb
3,14.7,0x2AA,ec401302741003aa
3,14.7,0x2AA,ec401302741003aa
3,14.7,0x2AA,ec401302741003aa
3,14.7,0x2AA,ec401302741003aa
3,14.7,0x2AA,ec401302741003aa
3,14.7,0x2AA,ec401302741003aa
3,14.7,0x2AA,ec401302741003aa
3,14.7,0x2AA,ec401302741003aa
3,14.7,0x2AA,ec401302741003aa
3,14.7,0x2AA,ec401302741003aa
3,14.6,0x2DF,ec4013026410f2df
3,14.6,0x2DF,ec4013026410f2df
3,14.6,0x2DF,ec4013026410f2df
3,14.6,0x2DF,ec4013026410f2df
3,14.6,0x2DF,ec4013026410f2df
3,14.6,0x2DF,ec4013026410f2df
3,14.6,0x2DF,ec4013026410f2df
3,14.6,0x2DF,ec4013026410f2df
3,14.6,0x2DF,ec4013026410f2df
3,14.6,0x2DF,ec4013026410f2df
3,14.6,0x2DF,ec4013026410f2df
3,14.6,0x2DF,ec4013026410f2df
3,14.6,0x2DF,ec4013026410f2df
3,14.6,0x2DF,ec4013026410f2df
3,14.6,0x2DF,ec4013026410f2df
3,14.6,0x2DF,ec4013026410f2df
3,14.5,0x240,ec4013025410e240
3,14.5,0x240,ec4013025410e240
3,14.5,0x240,ec4013025410e240
3,14.5,0x240,ec4013025410e240
3,14.5,0x240,ec4013025410e240
3,14.5,0x240,ec4013025410e240
3,14.5,0x240,ec4013025410e240
3,14.5,0x240,ec4013025410e240
3,14.5,0x240,ec4013025410e240
3,14.5,0x240,ec4013025410e240
3,14.5,0x240,ec4013025410e240
3,14.5,0x240,ec4013025410e240
3,14.5,0x240,ec4013025410e240
3,14.5,0x240,ec4013025410e240
3,14.5,0x240,ec4013025410e240
3,14.5,0x240,ec4013025410e240
3,14.4,0x235,ec4013024410d235
3,14.4,0x235,ec4013024410d235
3,14.4,0x235,ec4013024410d235
3,14.4,0x235,ec4013024410d235
3,14.4,0x235,ec4013024410d235
3,14.4,0x235,ec4013024410d235
3,14.4,0x235,ec4013024410d235
3,14.4,0x235,ec4013024410d235
3,14.3,0x21F,ec4013023410c21f
3,14.3,0x21F,ec4013023410c21f
3,14.3,0x21F,ec4013023410c21f
3,14.3,0x21F,ec4013023410c21f
3,14.3,0x21F,ec4013023410c21f
3,14.3,0x21F,ec4013023410c21f
3,14.3,0x21F,ec4013023410c21f
3,14.3,0x21F,ec4013023410c21f
3,14.3,0x21F,ec4013023410c21f
3,14.3,0x21F,ec4013023410c21f
3,14.2,0x26A,ec4013022410b26a
3,14.2,0x26A,ec4013022410b26a
3,14.2,0x26A,ec4013022410b26a
3,14.2,0x26A,ec4013022410b26a
3,14.2,0x26A,ec4013022410b26a
3,14.2,0x26A,ec4013022410b26a
3,14.2,0x26A,ec4013022410b26a
3,14.2,0x26A,ec4013022410b26a
3,14.2,0x26A,ec4013022410b26a
3,14.2,0x26A,ec4013022410b26a
3,14.1,0x2F5,ec4013021410a2f5
3,14.1,0x2F5,ec4013021410a2f5
3,14.1,0x2F5,ec4013021410a2f5
3,14.1,0x2F5,ec4013021410a2f5
3,14.1,0x2F5,ec4013021410a2f5
3,14.1,0x2F5,ec4013021410a2f5
3,14.1,0x2F5,ec4013021410a2f5
3,14.1,0x2F5,ec4013021410a2f5
3,14.1,0x2F5,ec4013021410a2f5
3,14.1,0x2F5,ec4013021410a2f5
3,14.1,0x2F5,ec4013021410a2f5
3,14.1,0x2F5,ec4013021410a2f5
3,14.1,0x2F5,ec4013021410a2f5
3,14.1,0x2F5,ec4013021410a2f5
3,14.1,0x2F5,ec4013021410a2f5
3,14.1,0x2F5,ec4013021410a2f5
3,14.1,0x2F5,ec4013021410a2f5
3,14.1,0x2F5,ec4013021410a2f5
3,14.1,0x2F5,ec4013021410a2f5
3,14.1,0x2F5,ec4013021410a2f5
3,14.1,0x2F5,ec4013021410a2f5
3,14.1,0x2F5,ec4013021410a2f5
3,14.1,0x2F5,ec4013021410a2f5
3,14.1,0x2F5,ec4013021410a2f5
3,14.1,0x2F5,ec4013021410a2f5
3,14.1,0x2F5,ec4013021410a2f5
3,14.1,0x2F5,ec4013021410a2f5
3,14.1,0x2F5,ec4013021410a2f5
3,14.0,0x280,ec40130204109280
3,14.0,0x280,ec40130204109280
3,14.0,0x280,ec40130204109280
3,14.0,0x280,ec40130204109280
3,14.0,0x280,ec40130204109280
3,14.0,0x280,ec40130204109280
3,14.0,0x280,ec40130204109280
3,14.0,0x280,ec40130204109280
3,14.0,0x280,ec40130204109280
3,14.0,0x280,ec40130204109280
3,13.9,0x228,ec40130293101328
3,13.9,0x228,ec40130293101328
3,13.9,0x228,ec40130293101328
3,13.9,0x228,ec40130293101328
3,13.9,0x228,ec40130293101328
3,13.9,0x228,ec40130293101328
3,13.9,0x228,ec40130293101328
3,13.9,0x228,ec40130293101328
3,13.9,0x228,ec40130293101328
3,13.9,0x228,ec40130293101328
3,13.9,0x228,ec40130293101328
3,13.9,0x228,ec40130293101328
3,13.9,0x228,ec40130293101328
3,13.9,0x228,ec40130293101328
3,13.9,0x228,ec40130293101328
3,13.9,0x228,ec40130293101328
3,13.8,0x25D,ec4013028310035d
3,13.8,0x25D,ec4013028310035d
3,13.8,0x25D,ec4013028310035d
3,13.8,0x25D,ec4013028310035d
3,13.8,0x25D,ec4013028310035d
3,13.8,0x25D,ec4013028310035d
3,13.8,0x25D,ec4013028310035d
3,13.8,0x25D,ec4013028310035d
3,13.7,0x21C,ec4013027310f21c
3,13.7,0x21C,ec4013027310f21c
3,13.7,0x21C,ec4013027310f21c
3,13.7,0x21C,ec4013027310f21c
3,13.7,0x21C,ec4013027310f21c
3,13.7,0x21C,ec4013027310f21c
3,13.7,0x21C,ec4013027310f21c
3,13.7,0x21C,ec4013027310f21c
3,13.7,0x21C,ec4013027310f21c
3,13.7,0x21C,ec4013027310f21c
3,13.7,0x21C,ec4013027310f21c
3,13.7,0x21C,ec4013027310f21c
3,13.7,0x21C,ec4013027310f21c
3,13.7,0x21C,ec4013027310f21c
3,13.6,0x269,ec4013026310e269
3,13.6,0x269,ec4013026310e269
3,13.6,0x269,ec4013026310e269
3,13.6,0x269,ec4013026310e269
3,13.6,0x269,ec4013026310e269
3,13.6,0x269,ec4013026310e269
3,13.6,0x269,ec4013026310e269
3,13.6,0x269,ec4013026310e269
3,13.6,0x269,ec4013026310e269
3,13.6,0x269,ec4013026310e269
3,13.6,0x269,ec4013026310e269
3,13.6,0x269,ec4013026310e269
3,13.6,0x269,ec4013026310e269
3,13.6,0x269,ec4013026310e269
3,13.6,0x269,ec4013026310e269
3,13.6,0x269,ec4013026310e269
3,13.5,0x2F6,ec4013025310d2f6
3,13.5,0x2F6,ec4013025310d2f6
3,13.5,0x2F6,ec4013025310d2f6
3,13.5,0x2F6,ec4013025310d2f6
3,13.5,0x2F6,ec4013025310d2f6
3,13.5,0x2F6,ec4013025310d2f6
3,13.5,0x2F6,ec4013025310d2f6
3,13.5,0x2F6,ec4013025310d2f6
3,13.2,0x0B1,ec401300231082b1
3,13.2,0x0B1,ec401300231082b1
3,13.2,0x0B1,ec401300231082b1
3,13.2,0x0B1,ec401300231082b1
3,13.2,0x0B1,ec401300231082b1
3,13.2,0x0B1,ec401300231082b1
3,13.2,0x0B1,ec401300231082b1
3,13.2,0x0B1,ec401300231082b1
3,13.2,0x0B1,ec401300231082b1
3,13.2,0x0B1,ec401300231082b1
3,13.1,0x02E,ec4013001310722e
3,13.1,0x02E,ec4013001310722e
3,13.2,0x0B1,ec401300231082b1
3,13.2,0x0B1,ec401300231082b1
3,13.5,0x09B,ec4013005310b29b
3,13.5,0x09B,ec4013005310b29b
3,13.8,0x030,ec4013008310e230
3,13.8,0x030,ec4013008310e230
3,14.1,0x098,ec40130014108298
3,14.1,0x098,ec40130014108298
3,14.3,0x072,ec4013003410a272
3,14.3,0x072,ec4013003410a272
3,14.6,0x0B2,ec4013006410d2b2
3,14.6,0x0B2,ec4013006410d2b2
3,14.8,0x086,ec4013008410f286
3,14.8,0x086,ec4013008410f286
3,15.3,0x023,ec4013003510b223
3,15.3,0x023,ec4013003510b223
3,15.5,0x07C,ec4013005510d27c
3,15.5,0x07C,ec4013005510d27c
3,15.7,0x096,ec4013007510f296
3,15.7,0x096,ec4013007510f296
3,16.0,0x04F,ec4013000610924f
3,16.0,0x04F,ec4013000610924f
3,16.1,0x03A,ec4013001610a23a
3,16.1,0x03A,ec4013001610a23a
3,16.3,0x0D0,ec4013003610c2d0
3,16.3,0x0D0,ec4013003610c2d0
3,16.5,0x08F,ec4013005610e28f
3,16.5,0x08F,ec4013005610e28f
3,16.6,0x010,ec4013006610f210
3,16.6,0x010,ec4013006610f210
3,16.8,0x024,ec40130086101324
3,16.8,0x024,ec40130086101324
3,17.0,0x01E,ec4013000710a21e
3,17.0,0x01E,ec4013000710a21e
3,17.2,0x0F4,ec4013002710c2f4
3,17.2,0x0F4,ec4013002710c2f4
3,17.3,0x081,ec4013003710d281
3,17.3,0x081,ec4013003710d281
3,17.4,0x0AB,ec4013004710e2ab
3,17.4,0x0AB,ec4013004710e2ab
3,17.5,0x0DE,ec4013005710f2de
3,17.5,0x0DE,ec4013005710f2de
3,17.6,0x041,ec40130067100341
3,17.6,0x041,ec40130067100341
3,17.7,0x034,ec40130077101334
3,17.7,0x034,ec40130077101334
3,17.8,0x075,ec40130087102375
3,17.8,0x075,ec40130087102375
3,17.9,0x000,ec40130097103300
3,17.9,0x000,ec40130097103300
3,17.9,0x000,ec40130097103300
3,17.9,0x000,ec40130097103300
3,18.0,0x194,ec4013010810c294
3,18.0,0x194,ec4013010810c294
3,18.1,0x1E1,ec4013011810d2e1
3,18.1,0x1E1,ec4013011810d2e1
3,18.2,0x17E,ec4013012810e27e
3,18.2,0x17E,ec4013012810e27e
3,18.3,0x10B,ec4013013810f20b
3,18.3,0x10B,ec4013013810f20b
3,18.3,0x10B,ec4013013810f20b
3,18.3,0x10B,ec4013013810f20b
3,18.5,0x154,ec40130158101354
3,18.5,0x154,ec40130158101354
3,18.6,0x1CB,ec401301681023cb
3,18.6,0x1CB,ec401301681023cb
3,18.7,0x1BE,ec401301781033be
3,18.7,0x1BE,ec401301781033be
3,18.7,0x1BE,ec401301781033be
3,18.7,0x1BE,ec401301781033be
3,18.8,0x1FF,ec401301881043ff
3,18.8,0x1FF,ec401301881043ff
3,19.2,0x12F,ec4013012910f22f
3,19.2,0x12F,ec4013012910f22f
3,19.8,0x1AE,ec401301891053ae
3,19.8,0x1AE,ec401301891053ae
3,20.3,0x188,ec40130130208288
3,20.3,0x188,ec40130130208288
3,20.9,0x109,ec4013019020e209
3,20.9,0x109,ec4013019020e209
3,21.4,0x1F3,ec4013014120a2f3
3,21.4,0x1F3,ec4013014120a2f3
3,21.8,0x12D,ec4013018120e22d
3,21.8,0x12D,ec4013018120e22d
3,22.3,0x12A,ec4013013220a22a
3,22.3,0x12A,ec4013013220a22a
3,22.6,0x1EA,ec4013016220d2ea
3,22.6,0x1EA,ec4013016220d2ea
3,23.0,0x1E4,ec401301032082e4
3,23.0,0x1E4,ec401301032082e4
3,23.4,0x151,ec4013014320c251
3,23.4,0x151,ec4013014320c251
3,23.7,0x1CE,ec4013017320f2ce
3,23.7,0x1CE,ec4013017320f2ce
3,24.1,0x127,ec4013011420a227
3,24.1,0x127,ec4013011420a227
3,24.4,0x1E7,ec4013014420d2e7
3,24.4,0x1E7,ec4013014420d2e7
3,24.6,0x10D,ec4013016420f20d
3,24.6,0x10D,ec4013016420f20d
3,24.9,0x14C,ec4013019420234c
3,24.9,0x14C,ec4013019420234c
3,25.2,0x1E9,ec4013012520c2e9
3,25.2,0x1E9,ec4013012520c2e9
3,25.5,0x1C3,ec4013015520f2c3
3,25.5,0x1C3,ec4013015520f2c3
3,25.7,0x129,ec40130175201329
3,25.7,0x129,ec40130175201329
3,25.9,0x11D,ec4013019520331d
3,25.9,0x11D,ec4013019520331d
3,26.1,0x185,ec4013011620c285
3,26.1,0x185,ec4013011620c285
3,26.3,0x16F,ec4013013620e26f
3,26.3,0x16F,ec4013013620e26f
3,26.5,0x130,ec40130156200330
3,26.5,0x130,ec40130156200330
3,26.7,0x1DA,ec401301762023da
3,26.7,0x1DA,ec401301762023da
3,26.9,0x1EE,ec401301962043ee
3,26.9,0x1EE,ec401301962043ee
3,27.1,0x1D4,ec4013011720d2d4
3,27.1,0x1D4,ec4013011720d2d4
3,27.3,0x13E,ec4013013720f23e
3,27.3,0x13E,ec4013013720f23e
3,27.4,0x114,ec40130147200314
3,27.4,0x114,ec40130147200314
3,27.6,0x1FE,ec401301672023fe
3,27.6,0x1FE,ec401301672023fe
3,27.8,0x1CA,ec401301872043ca
3,27.8,0x1CA,ec401301872043ca
3,27.9,0x1BF,ec401301972053bf
3,27.9,0x1BF,ec401301972053bf
3,28.1,0x1E8,ec4013011820e2e8
3,28.1,0x1E8,ec4013011820e2e8
3,28.2,0x177,ec4013012820f277
3,28.2,0x177,ec4013012820f277
3,28.3,0x102,ec40130138200302
3,28.3,0x102,ec40130138200302
3,28.5,0x15D,ec4013015820235d
3,28.5,0x15D,ec4013015820235d
3,28.6,0x1C2,ec401301682033c2
3,28.6,0x1C2,ec401301682033c2
3,28.7,0x1B7,ec401301782043b7
3,28.7,0x1B7,ec401301782043b7
3,28.8,0x1F6,ec401301882053f6
3,28.8,0x1F6,ec401301882053f6
3,28.9,0x183,ec40130198206383
3,28.9,0x183,ec40130198206383
3,29.1,0x1B9,ec4013011920f2b9
3,29.1,0x1B9,ec4013011920f2b9
3,29.2,0x126,ec40130129200326
3,29.2,0x126,ec40130129200326
3,29.3,0x153,ec40130139201353
3,29.3,0x153,ec40130139201353
3,29.4,0x179,ec40130149202379
3,29.4,0x179,ec40130149202379
3,29.4,0x179,ec40130149202379
3,29.4,0x179,ec40130149202379
3,29.5,0x10C,ec4013015920330c
3,29.5,0x10C,ec4013015920330c
3,29.6,0x193,ec40130169204393
3,29.6,0x193,ec40130169204393
3,29.7,0x1E6,ec401301792053e6
3,29.7,0x1E6,ec401301792053e6
3,29.8,0x1A7,ec401301892063a7
3,29.8,0x1A7,ec401301892063a7
3,29.9,0x1D2,ec401301992073d2
3,29.9,0x1D2,ec401301992073d2
3,30.0,0x110,ec40130100306210
3,30.0,0x110,ec40130100306210
3,30.1,0x165,ec40130110307265
3,30.1,0x165,ec40130110307265
3,30.2,0x1FA,ec401301203082fa
3,30.2,0x1FA,ec401301203082fa
3,30.3,0x18F,ec4013013030928f
3,30.3,0x18F,ec4013013030928f
3,30.4,0x1A5,ec4013014030a2a5
3,30.4,0x1A5,ec4013014030a2a5
3,30.4,0x1A5,ec4013014030a2a5
3,30.4,0x1A5,ec4013014030a2a5
3,30.5,0x1D0,ec4013015030b2d0
3,30.5,0x1D0,ec4013015030b2d0
3,30.6,0x14F,ec4013016030c24f
3,30.6,0x14F,ec4013016030c24f
3,30.7,0x13A,ec4013017030d23a
3,30.7,0x13A,ec4013017030d23a
3,30.8,0x17B,ec4013018030e27b
3,30.8,0x17B,ec4013018030e27b
3,30.9,0x10E,ec4013019030f20e
3,30.9,0x10E,ec4013019030f20e
3,30.9,0x10E,ec4013019030f20e
3,30.9,0x10E,ec4013019030f20e
3,30.9,0x10E,ec4013019030f20e
3,30.9,0x10E,ec4013019030f20e
3,30.8,0x17B,ec4013018030e27b
3,30.8,0x17B,ec4013018030e27b
3,30.8,0x17B,ec4013018030e27b
3,30.8,0x17B,ec4013018030e27b
3,30.8,0x17B,ec4013018030e27b
3,30.8,0x17B,ec4013018030e27b
3,30.8,0x17B,ec4013018030e27b
3,30.8,0x17B,ec4013018030e27b
3,30.9,0x10E,ec4013019030f20e
3,30.9,0x10E,ec4013019030f20e
3,31.0,0x141,ec40130101307241
3,31.0,0x141,ec40130101307241
3,31.2,0x1AB,ec401301213092ab
3,31.2,0x1AB,ec401301213092ab
3,31.4,0x1F4,ec4013014130b2f4
3,31.4,0x1F4,ec4013014130b2f4
3,31.6,0x11E,ec4013016130d21e
3,31.6,0x11E,ec4013016130d21e
3,31.8,0x12A,ec4013018130f22a
3,31.8,0x12A,ec4013018130f22a
3,31.9,0x15F,ec4013019130035f
3,31.9,0x15F,ec4013019130035f
3,32.1,0x1C7,ec401301123092c7
3,32.1,0x1C7,ec401301123092c7
3,32.2,0x158,ec4013012230a258
3,32.2,0x158,ec4013012230a258
3,32.3,0x12D,ec4013013230b22d
3,32.3,0x12D,ec4013013230b22d
3,32.4,0x107,ec4013014230c207
3,32.4,0x107,ec4013014230c207
3,32.5,0x172,ec4013015230d272
3,32.5,0x172,ec4013015230d272
3,32.6,0x1ED,ec4013016230e2ed
3,32.6,0x1ED,ec4013016230e2ed
3,32.7,0x198,ec4013017230f298
3,32.7,0x198,ec4013017230f298
3,32.8,0x1D9,ec401301823003d9
3,32.8,0x1D9,ec401301823003d9
3,32.9,0x1AC,ec401301923013ac
3,32.9,0x1AC,ec401301923013ac
3,33.0,0x1E3,ec401301033092e3
3,33.0,0x1E3,ec401301033092e3
3,33.0,0x1E3,ec401301033092e3
3,33.0,0x1E3,ec401301033092e3
3,33.1,0x196,ec4013011330a296
3,33.1,0x196,ec4013011330a296
3,33.1,0x196,ec4013011330a296
3,33.1,0x196,ec4013011330a296
3,33.1,0x196,ec4013011330a296
3,33.1,0x196,ec4013011330a296
3,33.2,0x109,ec4013012330b209
3,33.2,0x109,ec4013012330b209
3,33.3,0x17C,ec4013013330c27c
3,33.3,0x17C,ec4013013330c27c
3,33.3,0x17C,ec4013013330c27c
3,33.3,0x17C,ec4013013330c27c
3,33.3,0x17C,ec4013013330c27c
3,33.3,0x17C,ec4013013330c27c
3,33.4,0x156,ec4013014330d256
3,33.4,0x156,ec4013014330d256
3,33.4,0x156,ec4013014330d256
3,33.4,0x156,ec4013014330d256
3,33.3,0x17C,ec4013013330c27c
3,33.3,0x17C,ec4013013330c27c
3,33.2,0x109,ec4013012330b209
3,33.2,0x109,ec4013012330b209
3,33.2,0x109,ec4013012330b209
3,33.2,0x109,ec4013012330b209
3,33.2,0x109,ec4013012330b209
3,33.2,0x109,ec4013012330b209
3,33.1,0x196,ec4013011330a296
3,33.1,0x196,ec4013011330a296
3,33.0,0x1E3,ec401301033092e3
3,33.0,0x1E3,ec401301033092e3
3,32.8,0x1D9,ec401301823003d9
3,32.8,0x1D9,ec401301823003d9
3,34.1,0x120,ec4013011430b220
3,34.1,0x120,ec4013011430b220
3,40.1,0x110,ec40130110408210
3,40.1,0x110,ec40130110408210
135,40.3,0x859,ec4017883040d359
135,40.3,0x859,ec4017883040d359
135,47.9,0x86E,ec4017889740a46e
135,47.9,0x86E,ec4017889740a46e
135,54.5,0x844,ec40178854504444
135,54.5,0x844,ec40178854504444
92,54.5,0x844,ec401c5854506444
92,54.5,0x844,ec401c5854506444
0,52.2,0x889,ec40100822500389
0,52.2,0x889,ec40100822500389
0,49.6,0x842,ec4010086940a342
0,49.6,0x842,ec4010086940a342
96,48.9,0x852,ec40106898402452
96,48.9,0x852,ec40106898402452
96,48.9,0x852,ec40106898402452
96,48.9,0x852,ec40106898402452
96,47.4,0x8C5,ec4010684740c3c5
96,47.4,0x8C5,ec4010684740c3c5
96,46.8,0x84A,ec4010688640f34a
96,46.8,0x84A,ec4010688640f34a
96,46.8,0x84A,ec4010688640f34a
96,46.8,0x84A,ec4010688640f34a
96,46.2,0x8CB,ec401068264093cb
96,46.2,0x8CB,ec401068264093cb
96,45.6,0x88D,ec4010686540c38d
96,45.6,0x88D,ec4010686540c38d
96,45.0,0x8D2,ec401068054063d2
96,45.0,0x8D2,ec401068054063d2
96,44.5,0x843,ec4010685440a343
96,44.5,0x843,ec4010685440a343
96,44.0,0x883,ec40106804405383
96,44.0,0x883,ec40106804405383
96,43.5,0x8F5,ec401068534093f5
96,43.5,0x8F5,ec401068534093f5
96,43.0,0x835,ec40106803404335
96,43.0,0x835,ec40106803404335
96,42.4,0x8D1,ec401068424073d1
96,42.4,0x8D1,ec401068424073d1
96,41.9,0x889,ec4010689140b389
96,41.9,0x889,ec4010689140b389
96,41.5,0x857,ec40106851407357
96,41.5,0x857,ec40106851407357
96,41.0,0x897,ec40106801402397
96,41.0,0x897,ec40106801402397
96,40.6,0x899,ec40106860407399
96,40.6,0x899,ec40106860407399
96,39.8,0x803,ec40106889301403
96,39.8,0x803,ec40106889301403
96,39.5,0x8A8,ec4010685930e3a8
96,39.5,0x8A8,ec4010685930e3a8
96,39.1,0x81D,ec4010681930a31d
96,39.1,0x81D,ec4010681930a31d
96,38.8,0x852,ec40106888300452
96,38.8,0x852,ec40106888300452
96,38.4,0x88C,ec4010684830c38c
96,38.4,0x88C,ec4010684830c38c
96,38.1,0x84C,ec4010681830934c
96,38.1,0x84C,ec4010681830934c
96,37.8,0x86E,ec4010688730f36e
96,37.8,0x86E,ec4010688730f36e
96,37.2,0x8EF,ec401068273093ef
96,37.2,0x8EF,ec401068273093ef
96,36.9,0x84A,ec4010689630f34a
96,36.9,0x84A,ec4010689630f34a
96,36.6,0x80B,ec4010686630c30b
96,36.6,0x80B,ec4010686630c30b
96,36.3,0x8CB,ec401068363093cb
96,36.3,0x8CB,ec401068363093cb
96,36.3,0x8CB,ec401068363093cb
96,36.3,0x8CB,ec401068363093cb
96,36.0,0x854,ec40106806306354
96,36.0,0x854,ec40106806306354
96,35.7,0x88D,ec4010687530c38d
96,35.7,0x88D,ec4010687530c38d
96,35.5,0x867,ec4010685530a367
96,35.5,0x867,ec4010685530a367
96,35.2,0x84D,ec4010682530734d
96,35.2,0x84D,ec4010682530734d
96,34.7,0x8DC,ec4010687430b3dc
96,34.7,0x8DC,ec4010687430b3dc
96,34.3,0x869,ec40106834307369
96,34.3,0x869,ec40106834307369
96,34.3,0x869,ec40106834307369
96,34.3,0x869,ec40106834307369
96,34.0,0x8F6,ec401068043043f6
96,34.0,0x8F6,ec401068043043f6
96,33.8,0x82B,ec4010688330b32b
96,33.8,0x82B,ec4010688330b32b
96,33.6,0x81F,ec4010686330931f
96,33.6,0x81F,ec4010686330931f
96,33.4,0x8F5,ec401068433073f5
96,33.4,0x8F5,ec401068433073f5
96,33.1,0x835,ec40106813304335
96,33.1,0x835,ec40106813304335
96,32.9,0x80F,ec4010689230b30f
96,32.9,0x80F,ec4010689230b30f
96,32.7,0x83B,ec4010687230933b
96,32.7,0x83B,ec4010687230933b
96,32.5,0x8D1,ec401068523073d1
96,32.5,0x8D1,ec401068523073d1
96,32.3,0x88E,ec4010683230538e
96,32.3,0x88E,ec4010683230538e
96,32.2,0x8FB,ec401068223043fb
96,32.2,0x8FB,ec401068223043fb
96,32.0,0x811,ec40106802302311
96,32.0,0x811,ec40106802302311
96,31.8,0x2F1,ec401062813033f1
96,31.8,0x2F1,ec401062813033f1
96,31.6,0x2C5,ec401062613013c5
96,31.6,0x2C5,ec401062613013c5
96,31.4,0x22F,ec4010624130f22f
96,31.4,0x22F,ec4010624130f22f
96,31.3,0x205,ec4010623130e205
96,31.3,0x205,ec4010623130e205
96,31.1,0x2EF,ec4010621130c2ef
96,31.1,0x2EF,ec4010621130c2ef
96,30.9,0x2D5,ec401062903033d5
96,30.9,0x2D5,ec401062903033d5
96,30.8,0x2A0,ec401062803023a0
96,30.8,0x2A0,ec401062803023a0
96,30.5,0x20B,ec4010625030f20b
96,30.5,0x20B,ec4010625030f20b
96,30.3,0x254,ec4010623030d254
96,30.3,0x254,ec4010623030d254
96,30.2,0x221,ec4010622030c221
96,30.2,0x221,ec4010622030c221
96,30.0,0x2CB,ec4010620030a2cb
96,30.0,0x2CB,ec4010620030a2cb
96,29.9,0x209,ec4010629920b309
96,29.9,0x209,ec4010629920b309
96,29.7,0x23D,ec4010627920933d
96,29.7,0x23D,ec4010627920933d
96,29.6,0x248,ec40106269208348
96,29.6,0x248,ec40106269208348
96,29.4,0x2A2,ec401062492063a2
96,29.4,0x2A2,ec401062492063a2
96,29.2,0x2FD,ec401062292043fd
96,29.2,0x2FD,ec401062292043fd
96,29.0,0x217,ec40106209202317
96,29.0,0x217,ec40106209202317
96,28.9,0x258,ec4010629820a358
96,28.9,0x258,ec4010629820a358
96,28.8,0x22D,ec4010628820932d
96,28.8,0x22D,ec4010628820932d
96,28.7,0x26C,ec4010627820836c
96,28.7,0x26C,ec4010627820836c
96,28.5,0x286,ec40106258206386
96,28.5,0x286,ec40106258206386
96,28.4,0x2F3,ec401062482053f3
96,28.4,0x2F3,ec401062482053f3
96,28.3,0x2D9,ec401062382043d9
96,28.3,0x2D9,ec401062382043d9
96,28.2,0x2AC,ec401062282033ac
96,28.2,0x2AC,ec401062282033ac
96,28.1,0x233,ec40106218202333
96,28.1,0x233,ec40106218202333
96,28.0,0x246,ec40106208201346
96,28.0,0x246,ec40106208201346
96,27.9,0x264,ec40106297209364
96,27.9,0x264,ec40106297209364
96,27.8,0x211,ec40106287208311
96,27.8,0x211,ec40106287208311
96,27.6,0x225,ec40106267206325
96,27.6,0x225,ec40106267206325
96,27.5,0x2BA,ec401062572053ba
96,27.5,0x2BA,ec401062572053ba
96,27.5,0x2BA,ec401062572053ba
96,27.5,0x2BA,ec401062572053ba
96,27.3,0x2E5,ec401062372033e5
96,27.3,0x2E5,ec401062372033e5
96,27.2,0x290,ec40106227202390
96,27.2,0x290,ec40106227202390
96,27.1,0x20F,ec4010621720130f
96,27.1,0x20F,ec4010621720130f
96,27.0,0x27A,ec4010620720037a
96,27.0,0x27A,ec4010620720037a
96,26.9,0x235,ec40106296208335
96,26.9,0x235,ec40106296208335
96,26.8,0x240,ec40106286207340
96,26.8,0x240,ec40106286207340
96,26.8,0x240,ec40106286207340
96,26.8,0x240,ec40106286207340
96,26.7,0x201,ec40106276206301
96,26.7,0x201,ec40106276206301
96,26.6,0x274,ec40106266205374
96,26.6,0x274,ec40106266205374
251,21.0,0x8E5,ec401bf8012044e5
251,21.0,0x8E5,ec401bf8012044e5
79,20.9,0x8AA,ec401f48902054aa
79,20.9,0x8AA,ec401f48902054aa
247,20.9,0x8AA,ec4017f8902084aa
247,20.9,0x8AA,ec4017f8902084aa
247,20.9,0x8AA,ec4017f8902084aa
247,20.9,0x8AA,ec4017f8902084aa
247,20.8,0x8DF,ec4017f8802074df
247,20.8,0x8DF,ec4017f8802074df
247,20.7,0x89E,ec4017f87020649e
247,20.7,0x89E,ec4017f87020649e
247,20.5,0x874,ec4017f850204474
247,20.5,0x874,ec4017f850204474
247,20.4,0x801,ec4017f840203401
247,20.4,0x801,ec4017f840203401
247,20.4,0x801,ec4017f840203401
247,20.4,0x801,ec4017f840203401
247,20.3,0x82B,ec4017f83020242b
247,20.3,0x82B,ec4017f83020242b
247,20.3,0x82B,ec4017f83020242b
247,20.3,0x82B,ec4017f83020242b
247,20.3,0x82B,ec4017f83020242b
247,20.3,0x82B,ec4017f83020242b
247,20.2,0x85E,ec4017f82020145e
247,20.2,0x85E,ec4017f82020145e
247,20.2,0x85E,ec4017f82020145e
247,20.2,0x85E,ec4017f82020145e
247,20.2,0x85E,ec4017f82020145e
247,20.2,0x85E,ec4017f82020145e
247,20.1,0x8C1,ec4017f8102004c1
247,20.1,0x8C1,ec4017f8102004c1
247,20.1,0x8C1,ec4017f8102004c1
247,20.1,0x8C1,ec4017f8102004c1
247,20.0,0x8B4,ec4017f80020f3b4
247,20.0,0x8B4,ec4017f80020f3b4
247,20.0,0x8B4,ec4017f80020f3b4
247,20.0,0x8B4,ec4017f80020f3b4
247,19.9,0x878,ec4017f899100578
247,19.9,0x878,ec4017f899100578
247,19.9,0x878,ec4017f899100578
247,19.9,0x878,ec4017f899100578
247,19.8,0x80D,ec4017f88910f40d
247,19.8,0x80D,ec4017f88910f40d
247,19.7,0x84C,ec4017f87910e44c
247,19.7,0x84C,ec4017f87910e44c
247,19.6,0x839,ec4017f86910d439
247,19.6,0x839,ec4017f86910d439
247,19.6,0x839,ec4017f86910d439
247,19.6,0x839,ec4017f86910d439
247,19.5,0x8A6,ec4017f85910c4a6
247,19.5,0x8A6,ec4017f85910c4a6
247,19.3,0x8F9,ec4017f83910a4f9
247,19.3,0x8F9,ec4017f83910a4f9
247,19.2,0x88C,ec4017f82910948c
247,19.2,0x88C,ec4017f82910948c
247,19.1,0x813,ec4017f819108413
247,19.1,0x813,ec4017f819108413
247,18.9,0x829,ec4017f89810f429
247,18.9,0x829,ec4017f89810f429
247,18.8,0x85C,ec4017f88810e45c
247,18.8,0x85C,ec4017f88810e45c
247,18.6,0x868,ec4017f86810c468
247,18.6,0x868,ec4017f86810c468
247,18.4,0x882,ec4017f84810a482
247,18.4,0x882,ec4017f84810a482
247,18.3,0x8A8,ec4017f8381094a8
247,18.3,0x8A8,ec4017f8381094a8
247,18.1,0x842,ec4017f818107442
247,18.1,0x842,ec4017f818107442
247,17.9,0x815,ec4017f89710e415
247,17.9,0x815,ec4017f89710e415
247,17.7,0x821,ec4017f87710c421
247,17.7,0x821,ec4017f87710c421
247,17.5,0x8CB,ec4017f85710a4cb
247,17.5,0x8CB,ec4017f85710a4cb
247,17.2,0x8E1,ec4017f8271074e1
247,17.2,0x8E1,ec4017f8271074e1
247,16.8,0x831,ec4017f88610c431
247,16.8,0x831,ec4017f88610c431
247,16.5,0x89A,ec4017f85610949a
247,16.5,0x89A,ec4017f85610949a
247,16.3,0x8C5,ec4017f8361074c5
247,16.3,0x8C5,ec4017f8361074c5
247,16.0,0x85A,ec4017f80610445a
247,16.0,0x85A,ec4017f80610445a
247,15.8,0x8C2,ec4017f88510b4c2
247,15.8,0x8C2,ec4017f88510b4c2
247,15.5,0x869,ec4017f855108469
247,15.5,0x869,ec4017f855108469
247,15.3,0x836,ec4017f835106436
247,15.3,0x836,ec4017f835106436
247,15.0,0x8A9,ec4017f8051034a9
247,15.0,0x8A9,ec4017f8051034a9
247,14.5,0x240,ec4017f254101440
247,14.5,0x240,ec4017f254101440
247,14.2,0x26A,ec4017f22410e36a
247,14.2,0x26A,ec4017f22410e36a
247,13.9,0x228,ec4017f293104428
247,13.9,0x228,ec4017f293104428
247,13.6,0x269,ec4017f263101469
247,13.6,0x269,ec4017f263101469
247,13.4,0x283,ec4017f24310f383
247,13.4,0x283,ec4017f24310f383
247,13.1,0x243,ec4017f21310c343
247,13.1,0x243,ec4017f21310c343
247,12.8,0x20C,ec4017f28210240c
247,12.8,0x20C,ec4017f28210240c
247,12.5,0x2A7,ec4017f25210f3a7
247,12.5,0x2A7,ec4017f25210f3a7
247,12.2,0x28D,ec4017f22210c38d
247,12.2,0x28D,ec4017f22210c38d
247,11.7,0x2BE,ec4017f2711004be
247,11.7,0x2BE,ec4017f2711004be
247,11.4,0x221,ec4017f24110d321
247,11.4,0x221,ec4017f24110d321
247,11.1,0x2E1,ec4017f21110a3e1
247,11.1,0x2E1,ec4017f21110a3e1
247,10.8,0x2AE,ec4017f2801004ae
247,10.8,0x2AE,ec4017f2801004ae
247,10.5,0x205,ec4017f25010d305
247,10.5,0x205,ec4017f25010d305
247,10.2,0x22F,ec4017f22010a32f
247,10.2,0x22F,ec4017f22010a32f
247,10.0,0x2C5,ec4017f2001083c5
247,10.0,0x2C5,ec4017f2001083c5
247,9.7,0x233,ec4017f279007433
247,9.7,0x233,ec4017f279007433
247,9.1,0x26C,ec4017f21900146c
247,9.1,0x26C,ec4017f21900146c
247,8.9,0x256,ec4017f298008456
247,8.9,0x256,ec4017f298008456
247,8.6,0x217,ec4017f268005417
247,8.6,0x217,ec4017f268005417
247,8.4,0x2FD,ec4017f2480034fd
247,8.4,0x2FD,ec4017f2480034fd
247,8.1,0x23D,ec4017f21800043d
247,8.1,0x23D,ec4017f21800043d
247,7.8,0x21F,ec4017f28700641f
247,7.8,0x21F,ec4017f28700641f
247,7.6,0x22B,ec4017f26700442b
247,7.6,0x22B,ec4017f26700442b
247,7.3,0x2EB,ec4017f2370014eb
247,7.3,0x2EB,ec4017f2370014eb
247,7.1,0x201,ec4017f21700f301
247,7.1,0x201,ec4017f21700f301
247,6.6,0x27A,ec4017f26600347a
247,6.6,0x27A,ec4017f26600347a
247,6.3,0x2BA,ec4017f2360004ba
247,6.3,0x2BA,ec4017f2360004ba
247,6.1,0x250,ec4017f21600e350
247,6.1,0x250,ec4017f21600e350
247,5.8,0x2BD,ec4017f2850044bd
247,5.8,0x2BD,ec4017f2850044bd
247,5.6,0x289,ec4017f265002489
247,5.6,0x289,ec4017f265002489
247,5.4,0x263,ec4017f245000463
247,5.4,0x263,ec4017f245000463
247,5.1,0x2A3,ec4017f21500d3a3
247,5.1,0x2A3,ec4017f21500d3a3
247,4.9,0x299,ec4017f294004499
247,4.9,0x299,ec4017f294004499
247,4.4,0x232,ec4017f24400f332
247,4.4,0x232,ec4017f24400f332
247,4.2,0x26D,ec4017f22400d36d
247,4.2,0x26D,ec4017f22400d36d
247,4.0,0x287,ec4017f20400b387
247,4.0,0x287,ec4017f20400b387
247,3.8,0x25A,ec4017f28300245a
247,3.8,0x25A,ec4017f28300245a
247,3.5,0x2F1,ec4017f25300f3f1
247,3.5,0x2F1,ec4017f25300f3f1
247,3.3,0x2AE,ec4017f23300d3ae
247,3.3,0x2AE,ec4017f23300d3ae
247,3.1,0x244,ec4017f21300b344
247,3.1,0x244,ec4017f21300b344
247,2.9,0x27E,ec4017f29200247e
247,2.9,0x27E,ec4017f29200247e
247,2.7,0x24A,ec4017f27200044a
247,2.7,0x24A,ec4017f27200044a
247,2.2,0x28A,ec4017f22200b38a
247,2.2,0x28A,ec4017f22200b38a
247,2.0,0x260,ec4017f202009360
247,2.0,0x260,ec4017f202009360
247,1.8,0x2F8,ec4017f2810004f8
247,1.8,0x2F8,ec4017f2810004f8
247,1.6,0x2CC,ec4017f26100e3cc
247,1.6,0x2CC,ec4017f26100e3cc
247,1.4,0x226,ec4017f24100c326
247,1.4,0x226,ec4017f24100c326
247,1.2,0x279,ec4017f22100a379
247,1.2,0x279,ec4017f22100a379
247,1.0,0x293,ec4017f201008393
247,1.0,0x293,ec4017f201008393
247,0.8,0x2A9,ec4017f28000f3a9
247,0.8,0x2A9,ec4017f28000f3a9
247,0.6,0x29D,ec4017f26000d39d
247,0.6,0x29D,ec4017f26000d39d
247,0.4,0x277,ec4017f24000b377
247,0.4,0x277,ec4017f24000b377
247,0.2,0x228,ec4017f220009328
247,0.2,0x228,ec4017f220009328
247,0.1,0x2B7,ec4017f2100083b7
247,0.1,0x2B7,ec4017f2100083b7
247,-0.0,0x241,ec4017f20008f341
247,-0.0,0x241,ec4017f20008f341
247,-0.2,0x2AB,ec4017f2200814ab
247,-0.2,0x2AB,ec4017f2200814ab
247,-0.4,0x2F4,ec4017f2400834f4
247,-0.4,0x2F4,ec4017f2400834f4
247,-0.6,0x21E,ec4017f26008541e
247,-0.6,0x21E,ec4017f26008541e
247,-0.8,0x22A,ec4017f28008742a
247,-0.8,0x22A,ec4017f28008742a
247,-1.0,0x210,ec4017f201080410
247,-1.0,0x210,ec4017f201080410
247,-1.3,0x28F,ec4017f23108348f
247,-1.3,0x28F,ec4017f23108348f
247,-1.5,0x2D0,ec4017f2510854d0
247,-1.5,0x2D0,ec4017f2510854d0
247,-1.7,0x23A,ec4017f27108743a
247,-1.7,0x23A,ec4017f27108743a
247,-1.9,0x20E,ec4017f29108940e
247,-1.9,0x20E,ec4017f29108940e
247,-2.1,0x296,ec4017f212082496
247,-2.1,0x296,ec4017f212082496
247,-2.4,0x256,ec4017f242085456
247,-2.4,0x256,ec4017f242085456
247,-2.6,0x2BC,ec4017f2620874bc
247,-2.6,0x2BC,ec4017f2620874bc
247,-2.7,0x2C9,ec4017f2720884c9
247,-2.7,0x2C9,ec4017f2720884c9
247,-2.9,0x2FD,ec4017f29208a4fd
247,-2.9,0x2FD,ec4017f29208a4fd
247,-3.1,0x2C7,ec4017f2130834c7
247,-3.1,0x2C7,ec4017f2130834c7
247,-3.3,0x22D,ec4017f23308542d
247,-3.3,0x22D,ec4017f23308542d
247,-3.5,0x272,ec4017f253087472
247,-3.5,0x272,ec4017f253087472
247,-3.7,0x298,ec4017f273089498
247,-3.7,0x298,ec4017f273089498
247,-3.8,0x2D9,ec4017f28308a4d9
247,-3.8,0x2D9,ec4017f28308a4d9
247,-4.0,0x204,ec4017f204083404
247,-4.0,0x204,ec4017f204083404
247,-4.3,0x29B,ec4017f23408649b
247,-4.3,0x29B,ec4017f23408649b
247,-4.5,0x2C4,ec4017f2540884c4
247,-4.5,0x2C4,ec4017f2540884c4
247,-4.6,0x25B,ec4017f26408945b
247,-4.6,0x25B,ec4017f26408945b
247,-4.8,0x26F,ec4017f28408b46f
247,-4.8,0x26F,ec4017f28408b46f
247,-5.0,0x255,ec4017f205084455
247,-5.0,0x255,ec4017f205084455
247,-5.1,0x220,ec4017f215085420
247,-5.1,0x220,ec4017f215085420
247,-5.3,0x2CA,ec4017f2350874ca
247,-5.3,0x2CA,ec4017f2350874ca
247,-5.4,0x2E0,ec4017f2450884e0
247,-5.4,0x2E0,ec4017f2450884e0
247,-5.6,0x20A,ec4017f26508a40a
247,-5.6,0x20A,ec4017f26508a40a
247,-5.8,0x23E,ec4017f28508c43e
247,-5.8,0x23E,ec4017f28508c43e
247,-5.9,0x24B,ec4017f29508d44b
247,-5.9,0x24B,ec4017f29508d44b
247,-6.0,0x2A6,ec4017f2060854a6
247,-6.0,0x2A6,ec4017f2060854a6
247,-6.2,0x24C,ec4017f22608744c
247,-6.2,0x24C,ec4017f22608744c
247,-6.4,0x213,ec4017f246089413
247,-6.4,0x213,ec4017f246089413
247,-6.5,0x266,ec4017f25608a466
247,-6.5,0x266,ec4017f25608a466
247,-6.6,0x2F9,ec4017f26608b4f9
247,-6.6,0x2F9,ec4017f26608b4f9
247,-6.8,0x2CD,ec4017f28608d4cd
247,-6.8,0x2CD,ec4017f28608d4cd
247,-6.9,0x2B8,ec4017f29608e4b8
247,-6.9,0x2B8,ec4017f29608e4b8
247,-7.1,0x282,ec4017f217087482
247,-7.1,0x282,ec4017f217087482
247,-7.2,0x21D,ec4017f22708841d
247,-7.2,0x21D,ec4017f22708841d
247,-7.4,0x242,ec4017f24708a442
247,-7.4,0x242,ec4017f24708a442
247,-7.5,0x237,ec4017f25708b437
247,-7.5,0x237,ec4017f25708b437
247,-7.6,0x2A8,ec4017f26708c4a8
247,-7.6,0x2A8,ec4017f26708c4a8
247,-7.8,0x29C,ec4017f28708e49c
247,-7.8,0x29C,ec4017f28708e49c
247,-7.9,0x2E9,ec4017f29708f4e9
247,-7.9,0x2E9,ec4017f29708f4e9
247,-8.0,0x2CB,ec4017f2080874cb
247,-8.0,0x2CB,ec4017f2080874cb
247,-8.1,0x2BE,ec4017f2180884be
247,-8.1,0x2BE,ec4017f2180884be
247,-8.3,0x254,ec4017f23808a454
247,-8.3,0x254,ec4017f23808a454
247,-8.4,0x27E,ec4017f24808b47e
247,-8.4,0x27E,ec4017f24808b47e
247,-8.5,0x20B,ec4017f25808c40b
247,-8.5,0x20B,ec4017f25808c40b
247,-8.6,0x294,ec4017f26808d494
247,-8.6,0x294,ec4017f26808d494
247,-8.7,0x2E1,ec4017f27808e4e1
247,-8.7,0x2E1,ec4017f27808e4e1
247,-8.8,0x2A0,ec4017f28808f4a0
247,-8.8,0x2A0,ec4017f28808f4a0
247,-9.0,0x29A,ec4017f20908849a
247,-9.0,0x29A,ec4017f20908849a
247,-9.0,0x29A,ec4017f20908849a
247,-9.0,0x29A,ec4017f20908849a
247,-9.1,0x2EF,ec4017f2190894ef
247,-9.1,0x2EF,ec4017f2190894ef
247,-9.3,0x205,ec4017f23908b405
247,-9.3,0x205,ec4017f23908b405
247,-9.4,0x22F,ec4017f24908c42f
247,-9.4,0x22F,ec4017f24908c42f
247,-9.4,0x22F,ec4017f24908c42f
247,-9.4,0x22F,ec4017f24908c42f
247,-9.6,0x2C5,ec4017f26908e4c5
247,-9.6,0x2C5,ec4017f26908e4c5
247,-9.7,0x2B0,ec4017f27908f4b0
247,-9.7,0x2B0,ec4017f27908f4b0
247,-9.9,0x284,ec4017f299081584
247,-9.9,0x284,ec4017f299081584
247,-9.9,0x284,ec4017f299081584
247,-9.9,0x284,ec4017f299081584
247,-10.1,0x233,ec4017f210181433
247,-10.1,0x233,ec4017f210181433
247,-10.1,0x233,ec4017f210181433
247,-10.1,0x233,ec4017f210181433
247,-10.3,0x2D9,ec4017f2301834d9
247,-10.3,0x2D9,ec4017f2301834d9
247,-10.3,0x2D9,ec4017f2301834d9
247,-10.3,0x2D9,ec4017f2301834d9
247,-10.5,0x286,ec4017f250185486
247,-10.5,0x286,ec4017f250185486
247,-10.5,0x286,ec4017f250185486
247,-10.5,0x286,ec4017f250185486
247,-10.7,0x26C,ec4017f27018746c
247,-10.7,0x26C,ec4017f27018746c
247,-10.7,0x26C,ec4017f27018746c
247,-10.7,0x26C,ec4017f27018746c
247,-10.8,0x22D,ec4017f28018842d
247,-10.8,0x22D,ec4017f28018842d
247,-10.9,0x258,ec4017f290189458
247,-10.9,0x258,ec4017f290189458
247,-11.0,0x217,ec4017f201181417
247,-11.0,0x217,ec4017f201181417
247,-11.1,0x262,ec4017f211182462
247,-11.1,0x262,ec4017f211182462
247,-11.2,0x2FD,ec4017f2211834fd
247,-11.2,0x2FD,ec4017f2211834fd
247,-11.2,0x2FD,ec4017f2211834fd
247,-11.2,0x2FD,ec4017f2211834fd
247,-11.4,0x2A2,ec4017f2411854a2
247,-11.4,0x2A2,ec4017f2411854a2
247,-11.5,0x2D7,ec4017f2511864d7
247,-11.5,0x2D7,ec4017f2511864d7
247,-11.5,0x2D7,ec4017f2511864d7
247,-11.5,0x2D7,ec4017f2511864d7
247,-11.7,0x23D,ec4017f27118843d
247,-11.7,0x23D,ec4017f27118843d
247,-11.7,0x23D,ec4017f27118843d
247,-11.7,0x23D,ec4017f27118843d
247,-11.8,0x27C,ec4017f28118947c
247,-11.8,0x27C,ec4017f28118947c
247,-11.9,0x209,ec4017f29118a409
247,-11.9,0x209,ec4017f29118a409
247,-12.0,0x2E4,ec4017f2021824e4
247,-12.0,0x2E4,ec4017f2021824e4
247,-12.1,0x291,ec4017f212183491
247,-12.1,0x291,ec4017f212183491
247,-12.2,0x20E,ec4017f22218440e
247,-12.2,0x20E,ec4017f22218440e
247,-12.3,0x27B,ec4017f23218547b
247,-12.3,0x27B,ec4017f23218547b
247,-12.4,0x251,ec4017f242186451
247,-12.4,0x251,ec4017f242186451
247,-12.5,0x224,ec4017f252187424
247,-12.5,0x224,ec4017f252187424
247,-12.5,0x224,ec4017f252187424
247,-12.5,0x224,ec4017f252187424
247,-12.6,0x2BB,ec4017f2621884bb
247,-12.6,0x2BB,ec4017f2621884bb
247,-12.8,0x28F,ec4017f28218a48f
247,-12.8,0x28F,ec4017f28218a48f
247,-12.8,0x28F,ec4017f28218a48f
247,-12.8,0x28F,ec4017f28218a48f
247,-12.9,0x2FA,ec4017f29218b4fa
247,-12.9,0x2FA,ec4017f29218b4fa
247,-13.0,0x2B5,ec4017f2031834b5
247,-13.0,0x2B5,ec4017f2031834b5
247,-13.0,0x2B5,ec4017f2031834b5
247,-13.0,0x2B5,ec4017f2031834b5
247,-13.1,0x2C0,ec4017f2131844c0
247,-13.1,0x2C0,ec4017f2131844c0
247,-13.2,0x25F,ec4017f22318545f
247,-13.2,0x25F,ec4017f22318545f
247,-13.2,0x25F,ec4017f22318545f
247,-13.2,0x25F,ec4017f22318545f
247,-13.4,0x200,ec4017f243187400
247,-13.4,0x200,ec4017f243187400
247,-13.5,0x275,ec4017f253188475
247,-13.5,0x275,ec4017f253188475
247,-13.5,0x275,ec4017f253188475
247,-13.5,0x275,ec4017f253188475
247,-13.6,0x2EA,ec4017f2631894ea
247,-13.6,0x2EA,ec4017f2631894ea
247,-13.7,0x29F,ec4017f27318a49f
247,-13.7,0x29F,ec4017f27318a49f
247,-13.7,0x29F,ec4017f27318a49f
247,-13.7,0x29F,ec4017f27318a49f
247,-13.8,0x2DE,ec4017f28318b4de
247,-13.8,0x2DE,ec4017f28318b4de
247,-13.8,0x2DE,ec4017f28318b4de
247,-13.8,0x2DE,ec4017f28318b4de
247,-13.9,0x2AB,ec4017f29318c4ab
247,-13.9,0x2AB,ec4017f29318c4ab
247,-14.0,0x203,ec4017f204184403
247,-14.0,0x203,ec4017f204184403
247,-14.0,0x203,ec4017f204184403
247,-14.0,0x203,ec4017f204184403
247,-14.1,0x276,ec4017f214185476
247,-14.1,0x276,ec4017f214185476
247,-14.2,0x2E9,ec4017f2241864e9
247,-14.2,0x2E9,ec4017f2241864e9
247,-14.3,0x29C,ec4017f23418749c
247,-14.3,0x29C,ec4017f23418749c
247,-14.3,0x29C,ec4017f23418749c
247,-14.3,0x29C,ec4017f23418749c
247,-14.3,0x29C,ec4017f23418749c
247,-14.3,0x29C,ec4017f23418749c
247,-14.4,0x2B6,ec4017f2441884b6
247,-14.4,0x2B6,ec4017f2441884b6
247,-14.5,0x2C3,ec4017f2541894c3
247,-14.5,0x2C3,ec4017f2541894c3
247,-14.5,0x2C3,ec4017f2541894c3
247,-14.5,0x2C3,ec4017f2541894c3
247,-14.6,0x25C,ec4017f26418a45c
247,-14.6,0x25C,ec4017f26418a45c
247,-14.6,0x25C,ec4017f26418a45c
247,-14.6,0x25C,ec4017f26418a45c
247,-14.6,0x25C,ec4017f26418a45c
247,-14.6,0x25C,ec4017f26418a45c
247,-14.7,0x229,ec4017f27418b429
247,-14.7,0x229,ec4017f27418b429
247,-14.8,0x268,ec4017f28418c468
247,-14.8,0x268,ec4017f28418c468
247,-14.8,0x268,ec4017f28418c468
247,-14.8,0x268,ec4017f28418c468
247,-14.9,0x21D,ec4017f29418d41d
247,-14.9,0x21D,ec4017f29418d41d
247,-15.0,0x252,ec4017f205185452
247,-15.0,0x252,ec4017f205185452
247,-15.0,0x252,ec4017f205185452
247,-15.0,0x252,ec4017f205185452
247,-15.0,0x252,ec4017f205185452
247,-15.0,0x252,ec4017f205185452
247,-15.0,0x252,ec4017f205185452
247,-15.0,0x252,ec4017f205185452
247,-15.1,0x227,ec4017f215186427
247,-15.1,0x227,ec4017f215186427
247,-15.2,0x2B8,ec4017f2251874b8
247,-15.2,0x2B8,ec4017f2251874b8
247,-15.2,0x2B8,ec4017f2251874b8
247,-15.2,0x2B8,ec4017f2251874b8
247,-15.3,0x2CD,ec4017f2351884cd
247,-15.3,0x2CD,ec4017f2351884cd
247,-15.3,0x2CD,ec4017f2351884cd
247,-15.3,0x2CD,ec4017f2351884cd
247,-15.3,0x2CD,ec4017f2351884cd
247,-15.3,0x2CD,ec4017f2351884cd
247,-15.4,0x2E7,ec4017f2451894e7
247,-15.4,0x2E7,ec4017f2451894e7
247,-15.4,0x2E7,ec4017f2451894e7
247,-15.4,0x2E7,ec4017f2451894e7
247,-15.5,0x292,ec4017f25518a492
247,-15.5,0x292,ec4017f25518a492
247,-15.6,0x20D,ec4017f26518b40d
247,-15.6,0x20D,ec4017f26518b40d
247,-15.6,0x20D,ec4017f26518b40d
247,-15.6,0x20D,ec4017f26518b40d
247,-15.6,0x20D,ec4017f26518b40d
247,-15.6,0x20D,ec4017f26518b40d
247,-15.7,0x278,ec4017f27518c478
247,-15.7,0x278,ec4017f27518c478
247,-15.7,0x278,ec4017f27518c478
247,-15.7,0x278,ec4017f27518c478
247,-15.8,0x239,ec4017f28518d439
247,-15.8,0x239,ec4017f28518d439
247,-15.8,0x239,ec4017f28518d439
247,-15.8,0x239,ec4017f28518d439
247,-15.9,0x24C,ec4017f29518e44c
247,-15.9,0x24C,ec4017f29518e44c
247,-15.9,0x24C,ec4017f29518e44c
247,-15.9,0x24C,ec4017f29518e44c
247,-16.0,0x2A1,ec4017f2061864a1
247,-16.0,0x2A1,ec4017f2061864a1
247,-16.0,0x2A1,ec4017f2061864a1
247,-16.0,0x2A1,ec4017f2061864a1
247,-16.0,0x2A1,ec4017f2061864a1
247,-16.0,0x2A1,ec4017f2061864a1
247,-16.0,0x2A1,ec4017f2061864a1
247,-16.0,0x2A1,ec4017f2061864a1
247,-16.0,0x2A1,ec4017f2061864a1
247,-16.0,0x2A1,ec4017f2061864a1
247,-15.9,0x24C,ec4017f29518e44c
247,-15.9,0x24C,ec4017f29518e44c
247,-15.9,0x24C,ec4017f29518e44c
247,-15.9,0x24C,ec4017f29518e44c
247,-15.8,0x239,ec4017f28518d439
247,-15.8,0x239,ec4017f28518d439
247,-15.7,0x278,ec4017f27518c478
247,-15.7,0x278,ec4017f27518c478
247,-15.6,0x20D,ec4017f26518b40d
247,-15.6,0x20D,ec4017f26518b40d
247,-15.5,0x292,ec4017f25518a492
247,-15.5,0x292,ec4017f25518a492
247,-15.4,0x2E7,ec4017f2451894e7
247,-15.4,0x2E7,ec4017f2451894e7
247,-15.3,0x2CD,ec4017f2351884cd
247,-15.3,0x2CD,ec4017f2351884cd
247,-15.1,0x227,ec4017f215186427
247,-15.1,0x227,ec4017f215186427
247,-14.9,0x21D,ec4017f29418d41d
247,-14.9,0x21D,ec4017f29418d41d
247,-14.7,0x229,ec4017f27418b429
247,-14.7,0x229,ec4017f27418b429
247,-14.6,0x031,ec4017f064188431
247,-14.6,0x031,ec4017f064188431
247,-14.3,0x0F1,ec4017f0341854f1
247,-14.3,0x0F1,ec4017f0341854f1
247,-14.1,0x01B,ec4017f01418341b
247,-14.1,0x01B,ec4017f01418341b
247,-13.9,0x0C6,ec4017f09318a4c6
247,-13.9,0x0C6,ec4017f09318a4c6
247,-13.6,0x087,ec4017f063187487
247,-13.6,0x087,ec4017f063187487
247,-13.5,0x018,ec4017f053186418
247,-13.5,0x018,ec4017f053186418
247,-13.2,0x032,ec4017f023183432
247,-13.2,0x032,ec4017f023183432
247,-12.9,0x097,ec4017f092189497
247,-12.9,0x097,ec4017f092189497
247,-12.7,0x0A3,ec4017f0721874a3
247,-12.7,0x0A3,ec4017f0721874a3
247,-12.5,0x049,ec4017f052185449
247,-12.5,0x049,ec4017f052185449
247,-12.2,0x063,ec4017f022182463
247,-12.2,0x063,ec4017f022182463
247,-11.9,0x064,ec4017f091188464
247,-11.9,0x064,ec4017f091188464
247,-11.6,0x025,ec4017f061185425
247,-11.6,0x025,ec4017f061185425
247,-11.4,0x0CF,ec4017f0411834cf
247,-11.4,0x0CF,ec4017f0411834cf
247,-11.1,0x00F,ec4017f01118040f
247,-11.1,0x00F,ec4017f01118040f
247,-10.8,0x040,ec4017f080186440
247,-10.8,0x040,ec4017f080186440
247,-10.5,0x0EB,ec4017f0501834eb
247,-10.5,0x0EB,ec4017f0501834eb
247,-10.2,0x0C1,ec4017f0201804c1
247,-10.2,0x0C1,ec4017f0201804c1
247,-10.0,0x02B,ec4017f00018e32b
247,-10.0,0x02B,ec4017f00018e32b
247,-9.7,0x0DD,ec4017f07908d4dd
247,-9.7,0x0DD,ec4017f07908d4dd
247,-9.4,0x042,ec4017f04908a442
247,-9.4,0x042,ec4017f04908a442
247,-9.2,0x01D,ec4017f02908841d
247,-9.2,0x01D,ec4017f02908841d
247,-8.9,0x0B8,ec4017f09808e4b8
247,-8.9,0x0B8,ec4017f09808e4b8
247,-8.6,0x0F9,ec4017f06808b4f9
247,-8.6,0x0F9,ec4017f06808b4f9
247,-8.3,0x039,ec4017f038088439
247,-8.3,0x039,ec4017f038088439
247,-8.0,0x0A6,ec4017f0080854a6
247,-8.0,0x0A6,ec4017f0080854a6
247,-7.8,0x0F1,ec4017f08708c4f1
247,-7.8,0x0F1,ec4017f08708c4f1
247,-7.5,0x05A,ec4017f05708945a
247,-7.5,0x05A,ec4017f05708945a
247,-7.2,0x070,ec4017f027086470
247,-7.2,0x070,ec4017f027086470
247,-7.0,0x09A,ec4017f00708449a
247,-7.0,0x09A,ec4017f00708449a
247,-6.7,0x0E1,ec4017f07608a4e1
247,-6.7,0x0E1,ec4017f07608a4e1
247,-6.4,0x07E,ec4017f04608747e
247,-6.4,0x07E,ec4017f04608747e
247,-6.2,0x021,ec4017f026085421
247,-6.2,0x021,ec4017f026085421
247,-5.9,0x026,ec4017f09508b426
247,-5.9,0x026,ec4017f09508b426
247,-5.7,0x012,ec4017f075089412
247,-5.7,0x012,ec4017f075089412
247,-5.4,0x08D,ec4017f04508648d
247,-5.4,0x08D,ec4017f04508648d
247,-5.1,0x04D,ec4017f01508344d
247,-5.1,0x04D,ec4017f01508344d
247,-4.8,0x002,ec4017f084089402
247,-4.8,0x002,ec4017f084089402
247,-4.6,0x036,ec4017f064087436
247,-4.6,0x036,ec4017f064087436
247,-4.4,0x0DC,ec4017f0440854dc
247,-4.4,0x0DC,ec4017f0440854dc
247,-4.1,0x01C,ec4017f01408241c
247,-4.1,0x01C,ec4017f01408241c
247,-3.9,0x0C1,ec4017f0930894c1
247,-3.9,0x0C1,ec4017f0930894c1
247,-3.6,0x080,ec4017f063086480
247,-3.6,0x080,ec4017f063086480
247,-3.2,0x035,ec4017f023082435
247,-3.2,0x035,ec4017f023082435
247,-2.7,0x0A4,ec4017f0720864a4
247,-2.7,0x0A4,ec4017f0720864a4
247,-2.4,0x18D,ec4017f14208448d
247,-2.4,0x18D,ec4017f14208448d
247,-2.2,0x1D2,ec4017f1220824d2
247,-2.2,0x1D2,ec4017f1220824d2
247,-2.0,0x138,ec4017f102080438
247,-2.0,0x138,ec4017f102080438
247,-1.7,0x1E1,ec4017f1710864e1
247,-1.7,0x1E1,ec4017f1710864e1
247,-1.5,0x10B,ec4017f15108440b
247,-1.5,0x10B,ec4017f15108440b
247,-1.3,0x154,ec4017f131082454
247,-1.3,0x154,ec4017f131082454
247,-1.0,0x1CB,ec4017f10108f3cb
247,-1.0,0x1CB,ec4017f10108f3cb
247,-0.8,0x1F1,ec4017f1800864f1
247,-0.8,0x1F1,ec4017f1800864f1
247,-0.6,0x1C5,ec4017f1600844c5
247,-0.6,0x1C5,ec4017f1600844c5
247,-0.4,0x12F,ec4017f14008242f
247,-0.4,0x12F,ec4017f14008242f
247,-0.2,0x170,ec4017f120080470
247,-0.2,0x170,ec4017f120080470
247,-0.0,0x19A,ec4017f10008e39a
247,-0.0,0x19A,ec4017f10008e39a
247,0.2,0x1F3,ec4017f1200083f3
247,0.2,0x1F3,ec4017f1200083f3
247,0.3,0x186,ec4017f130009386
247,0.3,0x186,ec4017f130009386
247,0.6,0x146,ec4017f16000c346
247,0.6,0x146,ec4017f16000c346
247,1.0,0x148,ec4017f101007348
247,1.0,0x148,ec4017f101007348
247,1.2,0x1A2,ec4017f1210093a2
247,1.2,0x1A2,ec4017f1210093a2
247,1.3,0x1D7,ec4017f13100a3d7
247,1.3,0x1D7,ec4017f13100a3d7
247,1.6,0x117,ec4017f16100d317
247,1.6,0x117,ec4017f16100d317
247,1.7,0x162,ec4017f17100e362
247,1.7,0x162,ec4017f17100e362
247,1.9,0x156,ec4017f191000456
247,1.9,0x156,ec4017f191000456
247,2.1,0x1CE,ec4017f1120093ce
247,2.1,0x1CE,ec4017f1120093ce
247,2.3,0x124,ec4017f13200b324
247,2.3,0x124,ec4017f13200b324
247,2.5,0x17B,ec4017f15200d37b
247,2.5,0x17B,ec4017f15200d37b
247,2.7,0x191,ec4017f17200f391
247,2.7,0x191,ec4017f17200f391
247,2.8,0x1D0,ec4017f1820004d0
247,2.8,0x1D0,ec4017f1820004d0
247,3.0,0x1EA,ec4017f1030093ea
247,3.0,0x1EA,ec4017f1030093ea
247,3.2,0x100,ec4017f12300b300
247,3.2,0x100,ec4017f12300b300
247,3.4,0x15F,ec4017f14300d35f
247,3.4,0x15F,ec4017f14300d35f
247,3.5,0x12A,ec4017f15300e32a
247,3.5,0x12A,ec4017f15300e32a
247,3.7,0x1C0,ec4017f1730004c0
247,3.7,0x1C0,ec4017f1730004c0
247,3.9,0x1F4,ec4017f1930024f4
247,3.9,0x1F4,ec4017f1930024f4
247,4.1,0x129,ec4017f11400b329
247,4.1,0x129,ec4017f11400b329
247,4.4,0x1E9,ec4017f14400e3e9
247,4.4,0x1E9,ec4017f14400e3e9
247,4.6,0x103,ec4017f164000403
247,4.6,0x103,ec4017f164000403
247,4.7,0x176,ec4017f174001476
247,4.7,0x176,ec4017f174001476
247,4.8,0x137,ec4017f184002437
247,4.8,0x137,ec4017f184002437
247,5.0,0x10D,ec4017f10500b30d
247,5.0,0x10D,ec4017f10500b30d
247,5.2,0x1E7,ec4017f12500d3e7
247,5.2,0x1E7,ec4017f12500d3e7
247,5.3,0x192,ec4017f13500e392
247,5.3,0x192,ec4017f13500e392
247,5.5,0x1CD,ec4017f1550004cd
247,5.5,0x1CD,ec4017f1550004cd
247,5.6,0x152,ec4017f165001452
247,5.6,0x152,ec4017f165001452
247,5.8,0x166,ec4017f185003466
247,5.8,0x166,ec4017f185003466
247,5.9,0x113,ec4017f195004413
247,5.9,0x113,ec4017f195004413
247,6.1,0x18B,ec4017f11600d38b
247,6.1,0x18B,ec4017f11600d38b
247,6.2,0x114,ec4017f12600e314
247,6.2,0x114,ec4017f12600e314
247,6.4,0x14B,ec4017f14600044b
247,6.4,0x14B,ec4017f14600044b
247,6.5,0x13E,ec4017f15600143e
247,6.5,0x13E,ec4017f15600143e
247,6.6,0x1A1,ec4017f1660024a1
247,6.6,0x1A1,ec4017f1660024a1
247,6.8,0x195,ec4017f186004495
247,6.8,0x195,ec4017f186004495
247,6.9,0x1E0,ec4017f1960054e0
247,6.9,0x1E0,ec4017f1960054e0
247,7.2,0x145,ec4017f12700f345
247,7.2,0x145,ec4017f12700f345
247,7.3,0x130,ec4017f137000430
247,7.3,0x130,ec4017f137000430
247,7.4,0x11A,ec4017f14700141a
247,7.4,0x11A,ec4017f14700141a
247,7.5,0x16F,ec4017f15700246f
247,7.5,0x16F,ec4017f15700246f
247,7.7,0x185,ec4017f177004485
247,7.7,0x185,ec4017f177004485
247,7.8,0x1C4,ec4017f1870054c4
247,7.8,0x1C4,ec4017f1870054c4
247,7.9,0x1B1,ec4017f1970064b1
247,7.9,0x1B1,ec4017f1970064b1
247,8.0,0x193,ec4017f10800e393
247,8.0,0x193,ec4017f10800e393
247,8.1,0x1E6,ec4017f11800f3e6
247,8.1,0x1E6,ec4017f11800f3e6
247,8.2,0x179,ec4017f128000479
247,8.2,0x179,ec4017f128000479
247,8.4,0x126,ec4017f148002426
247,8.4,0x126,ec4017f148002426
247,8.5,0x153,ec4017f158003453
247,8.5,0x153,ec4017f158003453
247,8.6,0x1CC,ec4017f1680044cc
247,8.6,0x1CC,ec4017f1680044cc
247,8.8,0x1F8,ec4017f1880064f8
247,8.8,0x1F8,ec4017f1880064f8
247,8.9,0x18D,ec4017f19800748d
247,8.9,0x18D,ec4017f19800748d
247,9.0,0x1C2,ec4017f10900f3c2
247,9.0,0x1C2,ec4017f10900f3c2
247,9.1,0x1B7,ec4017f1190004b7
247,9.1,0x1B7,ec4017f1190004b7
247,9.3,0x15D,ec4017f13900245d
247,9.3,0x15D,ec4017f13900245d
247,9.5,0x102,ec4017f159004402
247,9.5,0x102,ec4017f159004402
247,9.6,0x19D,ec4017f16900549d
247,9.6,0x19D,ec4017f16900549d
247,9.7,0x1E8,ec4017f1790064e8
247,9.7,0x1E8,ec4017f1790064e8
247,9.8,0x1A9,ec4017f1890074a9
247,9.8,0x1A9,ec4017f1890074a9
247,9.9,0x1DC,ec4017f1990084dc
247,9.9,0x1DC,ec4017f1990084dc
247,10.0,0x11E,ec4017f10010731e
247,10.0,0x11E,ec4017f10010731e
247,10.1,0x16B,ec4017f11010836b
247,10.1,0x16B,ec4017f11010836b
247,10.2,0x1F4,ec4017f1201093f4
247,10.2,0x1F4,ec4017f1201093f4
247,10.3,0x181,ec4017f13010a381
247,10.3,0x181,ec4017f13010a381
247,10.4,0x1AB,ec4017f14010b3ab
247,10.4,0x1AB,ec4017f14010b3ab
247,10.5,0x1DE,ec4017f15010c3de
247,10.5,0x1DE,ec4017f15010c3de
247,10.6,0x141,ec4017f16010d341
247,10.6,0x141,ec4017f16010d341
247,10.7,0x134,ec4017f17010e334
247,10.7,0x134,ec4017f17010e334
247,10.8,0x175,ec4017f18010f375
247,10.8,0x175,ec4017f18010f375
247,10.9,0x100,ec4017f190100400
247,10.9,0x100,ec4017f190100400
247,11.0,0x14F,ec4017f10110834f
247,11.0,0x14F,ec4017f10110834f
247,11.1,0x13A,ec4017f11110933a
247,11.1,0x13A,ec4017f11110933a
247,11.2,0x1A5,ec4017f12110a3a5
247,11.2,0x1A5,ec4017f12110a3a5
247,11.2,0x1A5,ec4017f12110a3a5
247,11.2,0x1A5,ec4017f12110a3a5
247,11.3,0x1D0,ec4017f13110b3d0
247,11.3,0x1D0,ec4017f13110b3d0
247,11.4,0x1FA,ec4017f14110c3fa
247,11.4,0x1FA,ec4017f14110c3fa
247,11.5,0x18F,ec4017f15110d38f
247,11.5,0x18F,ec4017f15110d38f
247,11.6,0x110,ec4017f16110e310
247,11.6,0x110,ec4017f16110e310
247,11.7,0x165,ec4017f17110f365
247,11.7,0x165,ec4017f17110f365
247,11.8,0x124,ec4017f181100424
247,11.8,0x124,ec4017f181100424
247,11.8,0x124,ec4017f181100424
247,11.8,0x124,ec4017f181100424
247,11.9,0x151,ec4017f191101451
247,11.9,0x151,ec4017f191101451
247,12.0,0x1BC,ec4017f1021093bc
247,12.0,0x1BC,ec4017f1021093bc
247,12.1,0x1C9,ec4017f11210a3c9
247,12.1,0x1C9,ec4017f11210a3c9
247,12.1,0x1C9,ec4017f11210a3c9
247,12.1,0x1C9,ec4017f11210a3c9
247,12.2,0x156,ec4017f12210b356
247,12.2,0x156,ec4017f12210b356
247,12.3,0x123,ec4017f13210c323
247,12.3,0x123,ec4017f13210c323
247,12.3,0x123,ec4017f13210c323
247,12.3,0x123,ec4017f13210c323
247,12.4,0x109,ec4017f14210d309
247,12.4,0x109,ec4017f14210d309
247,12.5,0x17C,ec4017f15210e37c
247,12.5,0x17C,ec4017f15210e37c
247,12.5,0x17C,ec4017f15210e37c
247,12.5,0x17C,ec4017f15210e37c
247,12.6,0x1E3,ec4017f16210f3e3
247,12.6,0x1E3,ec4017f16210f3e3
247,12.7,0x196,ec4017f172100496
247,12.7,0x196,ec4017f172100496
247,12.7,0x196,ec4017f172100496
247,12.7,0x196,ec4017f172100496
247,12.8,0x1D7,ec4017f1821014d7
247,12.8,0x1D7,ec4017f1821014d7
247,12.8,0x1D7,ec4017f1821014d7
247,12.8,0x1D7,ec4017f1821014d7
247,12.9,0x1A2,ec4017f1921024a2
247,12.9,0x1A2,ec4017f1921024a2
247,13.0,0x1ED,ec4017f10310a3ed
247,13.0,0x1ED,ec4017f10310a3ed
247,13.1,0x198,ec4017f11310b398
247,13.1,0x198,ec4017f11310b398
247,13.2,0x107,ec4017f12310c307
247,13.2,0x107,ec4017f12310c307
247,13.2,0x107,ec4017f12310c307
247,13.2,0x107,ec4017f12310c307
247,13.3,0x172,ec4017f13310d372
247,13.3,0x172,ec4017f13310d372
247,13.4,0x158,ec4017f14310e358
247,13.4,0x158,ec4017f14310e358
247,13.4,0x158,ec4017f14310e358
247,13.4,0x158,ec4017f14310e358
247,13.4,0x158,ec4017f14310e358
247,13.4,0x158,ec4017f14310e358
247,13.5,0x12D,ec4017f15310f32d
247,13.5,0x12D,ec4017f15310f32d
247,13.6,0x1B2,ec4017f1631004b2
247,13.6,0x1B2,ec4017f1631004b2
247,13.6,0x1B2,ec4017f1631004b2
247,13.6,0x1B2,ec4017f1631004b2
247,13.7,0x1C7,ec4017f1731014c7
247,13.7,0x1C7,ec4017f1731014c7
247,13.8,0x186,ec4017f183102486
247,13.8,0x186,ec4017f183102486
247,13.8,0x186,ec4017f183102486
247,13.8,0x186,ec4017f183102486
247,13.9,0x1F3,ec4017f1931034f3
247,13.9,0x1F3,ec4017f1931034f3
247,13.9,0x1F3,ec4017f1931034f3
247,13.9,0x1F3,ec4017f1931034f3
247,13.9,0x1F3,ec4017f1931034f3
247,13.9,0x1F3,ec4017f1931034f3
247,14.0,0x15B,ec4017f10410b35b
247,14.0,0x15B,ec4017f10410b35b
247,14.1,0x12E,ec4017f11410c32e
247,14.1,0x12E,ec4017f11410c32e
247,14.1,0x12E,ec4017f11410c32e
247,14.1,0x12E,ec4017f11410c32e
247,14.2,0x1B1,ec4017f12410d3b1
247,14.2,0x1B1,ec4017f12410d3b1
247,14.2,0x1B1,ec4017f12410d3b1
247,14.2,0x1B1,ec4017f12410d3b1
247,14.3,0x1C4,ec4017f13410e3c4
247,14.3,0x1C4,ec4017f13410e3c4
247,14.3,0x1C4,ec4017f13410e3c4
247,14.3,0x1C4,ec4017f13410e3c4
247,14.4,0x1EE,ec4017f14410f3ee
247,14.4,0x1EE,ec4017f14410f3ee
247,14.4,0x1EE,ec4017f14410f3ee
247,14.4,0x1EE,ec4017f14410f3ee
247,14.5,0x19B,ec4017f15410049b
247,14.5,0x19B,ec4017f15410049b
247,14.5,0x19B,ec4017f15410049b
247,14.5,0x19B,ec4017f15410049b
247,14.5,0x19B,ec4017f15410049b
247,14.5,0x19B,ec4017f15410049b
247,14.6,0x104,ec4017f164101404
247,14.6,0x104,ec4017f164101404
247,14.6,0x104,ec4017f164101404
247,14.6,0x104,ec4017f164101404
247,14.7,0x171,ec4017f174102471
247,14.7,0x171,ec4017f174102471
247,14.7,0x171,ec4017f174102471
247,14.7,0x171,ec4017f174102471
247,14.8,0x130,ec4017f184103430
247,14.8,0x130,ec4017f184103430
247,14.8,0x130,ec4017f184103430
247,14.8,0x130,ec4017f184103430
247,14.9,0x145,ec4017f194104445
247,14.9,0x145,ec4017f194104445
247,14.9,0x145,ec4017f194104445
247,14.9,0x145,ec4017f194104445
247,14.9,0x145,ec4017f194104445
247,14.9,0x145,ec4017f194104445
247,15.0,0x10A,ec4017f10510c30a
247,15.0,0x10A,ec4017f10510c30a
247,15.0,0x10A,ec4017f10510c30a
247,15.0,0x10A,ec4017f10510c30a
247,15.1,0x17F,ec4017f11510d37f
247,15.1,0x17F,ec4017f11510d37f
247,15.1,0x17F,ec4017f11510d37f
247,15.1,0x17F,ec4017f11510d37f
247,15.1,0x17F,ec4017f11510d37f
247,15.1,0x17F,ec4017f11510d37f
247,15.2,0x1E0,ec4017f12510e3e0
247,15.2,0x1E0,ec4017f12510e3e0
247,15.2,0x1E0,ec4017f12510e3e0
247,15.2,0x1E0,ec4017f12510e3e0
247,15.2,0x1E0,ec4017f12510e3e0
247,15.2,0x1E0,ec4017f12510e3e0
247,15.3,0x195,ec4017f13510f395
247,15.3,0x195,ec4017f13510f395
247,15.3,0x195,ec4017f13510f395
247,15.3,0x195,ec4017f13510f395
247,15.3,0x195,ec4017f13510f395
247,15.3,0x195,ec4017f13510f395
247,15.4,0x1BF,ec4017f1451004bf
247,15.4,0x1BF,ec4017f1451004bf
247,15.4,0x1BF,ec4017f1451004bf
247,15.4,0x1BF,ec4017f1451004bf
247,15.5,0x1CA,ec4017f1551014ca
247,15.5,0x1CA,ec4017f1551014ca
247,15.5,0x1CA,ec4017f1551014ca
247,15.5,0x1CA,ec4017f1551014ca
247,15.5,0x1CA,ec4017f1551014ca
247,15.5,0x1CA,ec4017f1551014ca
247,15.6,0x155,ec4017f165102455
247,15.6,0x155,ec4017f165102455
247,15.6,0x155,ec4017f165102455
247,15.6,0x155,ec4017f165102455
247,15.6,0x155,ec4017f165102455
247,15.6,0x155,ec4017f165102455
247,15.7,0x120,ec4017f175103420
247,15.7,0x120,ec4017f175103420
247,15.7,0x120,ec4017f175103420
247,15.7,0x120,ec4017f175103420
247,15.7,0x120,ec4017f175103420
247,15.7,0x120,ec4017f175103420
247,15.7,0x120,ec4017f175103420
247,15.7,0x120,ec4017f175103420
247,15.8,0x161,ec4017f185104461
247,15.8,0x161,ec4017f185104461
247,15.8,0x161,ec4017f185104461
247,15.8,0x161,ec4017f185104461
247,15.9,0x114,ec4017f195105414
247,15.9,0x114,ec4017f195105414
247,15.9,0x114,ec4017f195105414
247,15.9,0x114,ec4017f195105414
247,15.9,0x114,ec4017f195105414
247,15.9,0x114,ec4017f195105414
247,15.9,0x114,ec4017f195105414
247,15.9,0x114,ec4017f195105414
247,16.0,0x1F9,ec4017f10610d3f9
247,16.0,0x1F9,ec4017f10610d3f9
247,16.0,0x1F9,ec4017f10610d3f9
247,16.0,0x1F9,ec4017f10610d3f9
247,16.0,0x1F9,ec4017f10610d3f9
247,16.0,0x1F9,ec4017f10610d3f9
247,16.1,0x18C,ec4017f11610e38c
247,16.1,0x18C,ec4017f11610e38c
247,16.1,0x18C,ec4017f11610e38c
247,16.1,0x18C,ec4017f11610e38c
247,16.1,0x18C,ec4017f11610e38c
247,16.1,0x18C,ec4017f11610e38c
247,16.2,0x113,ec4017f12610f313
247,16.2,0x113,ec4017f12610f313
247,16.2,0x113,ec4017f12610f313
247,16.2,0x113,ec4017f12610f313
247,16.2,0x113,ec4017f12610f313
247,16.2,0x113,ec4017f12610f313
247,16.3,0x166,ec4017f136100466
247,16.3,0x166,ec4017f136100466
247,16.3,0x166,ec4017f136100466
247,16.3,0x166,ec4017f136100466
247,16.3,0x166,ec4017f136100466
247,16.3,0x166,ec4017f136100466
247,16.3,0x166,ec4017f136100466
247,16.3,0x166,ec4017f136100466
247,16.4,0x14C,ec4017f14610144c
247,16.4,0x14C,ec4017f14610144c
247,16.4,0x14C,ec4017f14610144c
247,16.4,0x14C,ec4017f14610144c
247,16.4,0x14C,ec4017f14610144c
247,16.4,0x14C,ec4017f14610144c
247,16.4,0x14C,ec4017f14610144c
247,16.4,0x14C,ec4017f14610144c
247,16.5,0x139,ec4017f156102439
247,16.5,0x139,ec4017f156102439
247,16.5,0x139,ec4017f156102439
247,16.5,0x139,ec4017f156102439
247,16.5,0x139,ec4017f156102439
247,16.5,0x139,ec4017f156102439
247,16.5,0x139,ec4017f156102439
247,16.5,0x139,ec4017f156102439
247,16.5,0x139,ec4017f156102439
247,16.5,0x139,ec4017f156102439
247,16.6,0x1A6,ec4017f1661034a6
247,16.6,0x1A6,ec4017f1661034a6
247,16.6,0x1A6,ec4017f1661034a6
247,16.6,0x1A6,ec4017f1661034a6
247,16.6,0x1A6,ec4017f1661034a6
247,16.6,0x1A6,ec4017f1661034a6
247,16.6,0x1A6,ec4017f1661034a6
247,16.6,0x1A6,ec4017f1661034a6
247,16.7,0x1D3,ec4017f1761044d3
247,16.7,0x1D3,ec4017f1761044d3
247,16.7,0x1D3,ec4017f1761044d3
247,16.7,0x1D3,ec4017f1761044d3
247,16.7,0x1D3,ec4017f1761044d3
247,16.7,0x1D3,ec4017f1761044d3
247,16.7,0x1D3,ec4017f1761044d3
247,16.7,0x1D3,ec4017f1761044d3
247,16.8,0x192,ec4017f186105492
247,16.8,0x192,ec4017f186105492
247,16.8,0x192,ec4017f186105492
247,16.8,0x192,ec4017f186105492
247,16.8,0x192,ec4017f186105492
247,16.8,0x192,ec4017f186105492
247,16.8,0x192,ec4017f186105492
247,16.8,0x192,ec4017f186105492
247,16.9,0x1E7,ec4017f1961064e7
247,16.9,0x1E7,ec4017f1961064e7
247,16.9,0x1E7,ec4017f1961064e7
247,16.9,0x1E7,ec4017f1961064e7
247,16.9,0x1E7,ec4017f1961064e7
247,16.9,0x1E7,ec4017f1961064e7
247,16.9,0x1E7,ec4017f1961064e7
247,16.9,0x1E7,ec4017f1961064e7
247,16.9,0x1E7,ec4017f1961064e7
247,16.9,0x1E7,ec4017f1961064e7
247,17.0,0x1A8,ec4017f10710e3a8
247,17.0,0x1A8,ec4017f10710e3a8
247,17.0,0x1A8,ec4017f10710e3a8
247,17.0,0x1A8,ec4017f10710e3a8
247,17.0,0x1A8,ec4017f10710e3a8
247,17.0,0x1A8,ec4017f10710e3a8
247,17.0,0x1A8,ec4017f10710e3a8
247,17.0,0x1A8,ec4017f10710e3a8
247,17.0,0x1A8,ec4017f10710e3a8
247,17.0,0x1A8,ec4017f10710e3a8
247,17.1,0x1DD,ec4017f11710f3dd
247,17.1,0x1DD,ec4017f11710f3dd
247,17.1,0x1DD,ec4017f11710f3dd
247,17.1,0x1DD,ec4017f11710f3dd
247,17.1,0x1DD,ec4017f11710f3dd
247,17.1,0x1DD,ec4017f11710f3dd
247,17.1,0x1DD,ec4017f11710f3dd
247,17.1,0x1DD,ec4017f11710f3dd
247,17.2,0x142,ec4017f127100442
247,17.2,0x142,ec4017f127100442
247,17.2,0x142,ec4017f127100442
247,17.2,0x142,ec4017f127100442
247,17.2,0x142,ec4017f127100442
247,17.2,0x142,ec4017f127100442
247,17.2,0x142,ec4017f127100442
247,17.2,0x142,ec4017f127100442
247,17.2,0x142,ec4017f127100442
247,17.2,0x142,ec4017f127100442
247,17.2,0x142,ec4017f127100442
247,17.2,0x142,ec4017f127100442
247,17.3,0x137,ec4017f137101437
247,17.3,0x137,ec4017f137101437
247,17.3,0x137,ec4017f137101437
247,17.3,0x137,ec4017f137101437
247,17.3,0x137,ec4017f137101437
247,17.3,0x137,ec4017f137101437
247,17.3,0x137,ec4017f137101437
247,17.3,0x137,ec4017f137101437
247,17.4,0x11D,ec4017f14710241d
247,17.4,0x11D,ec4017f14710241d
247,17.4,0x11D,ec4017f14710241d
247,17.4,0x11D,ec4017f14710241d
247,17.4,0x11D,ec4017f14710241d
247,17.4,0x11D,ec4017f14710241d
247,17.4,0x11D,ec4017f14710241d
247,17.4,0x11D,ec4017f14710241d
247,17.4,0x11D,ec4017f14710241d
247,17.4,0x11D,ec4017f14710241d
247,17.4,0x11D,ec4017f14710241d
247,17.4,0x11D,ec4017f14710241d
247,17.5,0x168,ec4017f157103468
247,17.5,0x168,ec4017f157103468
247,17.5,0x168,ec4017f157103468
247,17.5,0x168,ec4017f157103468
247,17.5,0x168,ec4017f157103468
247,17.5,0x168,ec4017f157103468
247,17.5,0x168,ec4017f157103468
247,17.5,0x168,ec4017f157103468
247,17.5,0x168,ec4017f157103468
247,17.5,0x168,ec4017f157103468
247,17.5,0x168,ec4017f157103468
247,17.5,0x168,ec4017f157103468
247,17.5,0x168,ec4017f157103468
247,17.5,0x168,ec4017f157103468
247,17.5,0x168,ec4017f157103468
247,17.5,0x168,ec4017f157103468
247,17.6,0x1F7,ec4017f1671044f7
247,17.6,0x1F7,ec4017f1671044f7
247,17.6,0x1F7,ec4017f1671044f7
247,17.6,0x1F7,ec4017f1671044f7
247,17.6,0x1F7,ec4017f1671044f7
247,17.6,0x1F7,ec4017f1671044f7
247,17.6,0x1F7,ec4017f1671044f7
247,17.6,0x1F7,ec4017f1671044f7
247,17.6,0x1F7,ec4017f1671044f7
247,17.6,0x1F7,ec4017f1671044f7
247,17.7,0x182,ec4017f177105482
247,17.7,0x182,ec4017f177105482
247,17.7,0x182,ec4017f177105482
247,17.7,0x182,ec4017f177105482
247,17.7,0x182,ec4017f177105482
247,17.7,0x182,ec4017f177105482
247,17.7,0x182,ec4017f177105482
247,17.7,0x182,ec4017f177105482
247,17.7,0x182,ec4017f177105482
247,17.7,0x182,ec4017f177105482
247,17.7,0x182,ec4017f177105482
247,17.7,0x182,ec4017f177105482
247,17.8,0x1C3,ec4017f1871064c3
247,17.8,0x1C3,ec4017f1871064c3
247,17.8,0x1C3,ec4017f1871064c3
247,17.8,0x1C3,ec4017f1871064c3
247,17.8,0x1C3,ec4017f1871064c3
247,17.8,0x1C3,ec4017f1871064c3
247,17.8,0x1C3,ec4017f1871064c3
247,17.8,0x1C3,ec4017f1871064c3
247,17.8,0x1C3,ec4017f1871064c3
247,17.8,0x1C3,ec4017f1871064c3
247,17.8,0x1C3,ec4017f1871064c3
247,17.8,0x1C3,ec4017f1871064c3
247,17.8,0x1C3,ec4017f1871064c3
247,17.8,0x1C3,ec4017f1871064c3
247,17.8,0x1C3,ec4017f1871064c3
247,17.8,0x1C3,ec4017f1871064c3
247,17.8,0x1C3,ec4017f1871064c3
247,17.8,0x1C3,ec4017f1871064c3
247,17.8,0x1C3,ec4017f1871064c3
247,17.8,0x1C3,ec4017f1871064c3
247,17.9,0x1B6,ec4017f1971074b6
247,17.9,0x1B6,ec4017f1971074b6
247,17.9,0x1B6,ec4017f1971074b6
247,17.9,0x1B6,ec4017f1971074b6
247,17.9,0x1B6,ec4017f1971074b6
247,17.9,0x1B6,ec4017f1971074b6
247,17.9,0x1B6,ec4017f1971074b6
247,17.9,0x1B6,ec4017f1971074b6
247,17.9,0x1B6,ec4017f1971074b6
247,17.9,0x1B6,ec4017f1971074b6
247,17.9,0x1B6,ec4017f1971074b6
247,17.9,0x1B6,ec4017f1971074b6
247,17.9,0x1B6,ec4017f1971074b6
247,17.9,0x1B6,ec4017f1971074b6
247,17.9,0x1B6,ec4017f1971074b6
247,17.9,0x1B6,ec4017f1971074b6
247,18.0,0x194,ec4017f10810f394
247,18.0,0x194,ec4017f10810f394
247,18.0,0x194,ec4017f10810f394
247,18.0,0x194,ec4017f10810f394
247,18.0,0x194,ec4017f10810f394
247,18.0,0x194,ec4017f10810f394
247,18.0,0x194,ec4017f10810f394
247,18.0,0x194,ec4017f10810f394
247,18.0,0x194,ec4017f10810f394
247,18.0,0x194,ec4017f10810f394
247,19.1,0x006,ec4017f019100406
247,19.1,0x006,ec4017f019100406
247,20.1,0x0D4,ec4017f0102083d4
247,20.1,0x0D4,ec4017f0102083d4
247,21.5,0x030,ec4017f05120d330
247,21.5,0x030,ec4017f05120d330
247,22.5,0x0C3,ec4017f05220e3c3
247,22.5,0x0C3,ec4017f05220e3c3
247,23.3,0x0CD,ec4017f03320d3cd
247,23.3,0x0CD,ec4017f03320d3cd
247,24.0,0x0E4,ec4017f00420b3e4
247,24.0,0x0E4,ec4017f00420b3e4
247,24.2,0x00E,ec4017f02420d30e
247,24.2,0x00E,ec4017f02420d30e
247,24.4,0x051,ec4017f04420f351
247,24.4,0x051,ec4017f04420f351
247,24.5,0x024,ec4017f054200424
247,24.5,0x024,ec4017f054200424
247,24.7,0x0CE,ec4017f0742024ce
247,24.7,0x0CE,ec4017f0742024ce
247,25.1,0x0C0,ec4017f01520d3c0
247,25.1,0x0C0,ec4017f01520d3c0
247,25.3,0x02A,ec4017f03520f32a
247,25.3,0x02A,ec4017f03520f32a
247,25.4,0x000,ec4017f045200400
247,25.4,0x000,ec4017f045200400
247,25.6,0x0EA,ec4017f0652024ea
247,25.6,0x0EA,ec4017f0652024ea
247,25.7,0x09F,ec4017f07520349f
247,25.7,0x09F,ec4017f07520349f
247,25.9,0x0AB,ec4017f0952054ab
247,25.9,0x0AB,ec4017f0952054ab
247,26.1,0x033,ec4017f01620e333
247,26.1,0x033,ec4017f01620e333
247,26.2,0x0AC,ec4017f02620f3ac
247,26.2,0x0AC,ec4017f02620f3ac
247,26.3,0x0D9,ec4017f0362004d9
247,26.3,0x0D9,ec4017f0362004d9
247,26.5,0x086,ec4017f056202486
247,26.5,0x086,ec4017f056202486
247,26.6,0x019,ec4017f066203419
247,26.6,0x019,ec4017f066203419
247,26.8,0x02D,ec4017f08620542d
247,26.8,0x02D,ec4017f08620542d
247,27.0,0x017,ec4017f00720e317
247,27.0,0x017,ec4017f00720e317
247,24.5,0x024,ec4017f054200424
247,24.5,0x024,ec4017f054200424
247,24.1,0x091,ec4017f01420c391
247,24.1,0x091,ec4017f01420c391
247,23.7,0x078,ec4017f073201478
247,23.7,0x078,ec4017f073201478
247,23.4,0x0E7,ec4017f04320e3e7
247,23.4,0x0E7,ec4017f04320e3e7
247,23.3,0x0CD,ec4017f03320d3cd
247,23.3,0x0CD,ec4017f03320d3cd
247,23.3,0x0CD,ec4017f03320d3cd
247,23.3,0x0CD,ec4017f03320d3cd
247,23.2,0x0B8,ec4017f02320c3b8
247,23.2,0x0B8,ec4017f02320c3b8
247,23.1,0x027,ec4017f01320b327
247,23.1,0x027,ec4017f01320b327
247,23.6,0x1BB,ec4017f1632014bb
247,23.6,0x1BB,ec4017f1632014bb
247,24.3,0x1CD,ec4017f13420f3cd
247,24.3,0x1CD,ec4017f13420f3cd
247,24.9,0x14C,ec4017f19420544c
247,24.9,0x14C,ec4017f19420544c
247,25.4,0x1B6,ec4017f1452014b6
247,25.4,0x1B6,ec4017f1452014b6
247,25.9,0x11D,ec4017f19520641d
247,25.9,0x11D,ec4017f19520641d
247,26.3,0x16F,ec4017f13620146f
247,26.3,0x16F,ec4017f13620146f
247,26.6,0x1AF,ec4017f1662044af
247,26.6,0x1AF,ec4017f1662044af
247,27.0,0x1A1,ec4017f10720f3a1
247,27.0,0x1A1,ec4017f10720f3a1
247,27.2,0x14B,ec4017f12720144b
247,27.2,0x14B,ec4017f12720144b
247,27.1,0x1D4,ec4017f1172004d4
247,27.1,0x1D4,ec4017f1172004d4
247,25.9,0x11D,ec4017f19520641d
247,25.9,0x11D,ec4017f19520641d
247,25.4,0x1B6,ec4017f1452014b6
247,25.4,0x1B6,ec4017f1452014b6
247,24.9,0x14C,ec4017f19420544c
247,24.9,0x14C,ec4017f19420544c
247,24.5,0x192,ec4017f154201492
247,24.5,0x192,ec4017f154201492
247,24.1,0x127,ec4017f11420d327
247,24.1,0x127,ec4017f11420d327
247,23.9,0x1FA,ec4017f1932044fa
247,23.9,0x1FA,ec4017f1932044fa
247,23.6,0x1BB,ec4017f1632014bb
247,23.6,0x1BB,ec4017f1632014bb
247,23.3,0x17B,ec4017f13320e37b
247,23.3,0x17B,ec4017f13320e37b
247,23.1,0x191,ec4017f11320c391
247,23.1,0x191,ec4017f11320c391
247,22.9,0x1AB,ec4017f1922034ab
247,22.9,0x1AB,ec4017f1922034ab
247,22.7,0x19F,ec4017f17220149f
247,22.7,0x19F,ec4017f17220149f
247,22.6,0x1EA,ec4017f1622004ea
247,22.6,0x1EA,ec4017f1622004ea
247,22.5,0x175,ec4017f15220f375
247,22.5,0x175,ec4017f15220f375
247,22.3,0x12A,ec4017f13220d32a
247,22.3,0x12A,ec4017f13220d32a
247,22.3,0x12A,ec4017f13220d32a
247,22.3,0x12A,ec4017f13220d32a
247,22.2,0x15F,ec4017f12220c35f
247,22.2,0x15F,ec4017f12220c35f
247,22.1,0x1C0,ec4017f11220b3c0
247,22.1,0x1C0,ec4017f11220b3c0
247,22.0,0x1B5,ec4017f10220a3b5
247,22.0,0x1B5,ec4017f10220a3b5
247,22.0,0x1B5,ec4017f10220a3b5
247,22.0,0x1B5,ec4017f10220a3b5
247,21.9,0x158,ec4017f191202458
247,21.9,0x158,ec4017f191202458
247,21.8,0x12D,ec4017f18120142d
247,21.8,0x12D,ec4017f18120142d
247,21.8,0x12D,ec4017f18120142d
247,21.8,0x12D,ec4017f18120142d
247,21.8,0x12D,ec4017f18120142d
247,21.8,0x12D,ec4017f18120142d
247,21.9,0x158,ec4017f191202458
247,21.9,0x158,ec4017f191202458
247,21.9,0x158,ec4017f191202458
247,21.9,0x158,ec4017f191202458
247,21.9,0x158,ec4017f191202458
247,21.9,0x158,ec4017f191202458
247,21.8,0x12D,ec4017f18120142d
247,21.8,0x12D,ec4017f18120142d
247,21.8,0x12D,ec4017f18120142d
247,21.8,0x12D,ec4017f18120142d
247,21.8,0x12D,ec4017f18120142d
247,21.8,0x12D,ec4017f18120142d
247,21.7,0x16C,ec4017f17120046c
247,21.7,0x16C,ec4017f17120046c
247,21.7,0x16C,ec4017f17120046c
247,21.7,0x16C,ec4017f17120046c
247,21.6,0x119,ec4017f16120f319
247,21.6,0x119,ec4017f16120f319
247,21.5,0x186,ec4017f15120e386
247,21.5,0x186,ec4017f15120e386
247,21.5,0x186,ec4017f15120e386
247,21.5,0x186,ec4017f15120e386
247,21.4,0x1F3,ec4017f14120d3f3
247,21.4,0x1F3,ec4017f14120d3f3
247,21.4,0x228,ec4017f24120e328
247,21.4,0x228,ec4017f24120e328
247,21.3,0x202,ec4017f23120d302
247,21.3,0x202,ec4017f23120d302
247,21.3,0x202,ec4017f23120d302
247,21.3,0x202,ec4017f23120d302
247,21.2,0x277,ec4017f22120c377
247,21.2,0x277,ec4017f22120c377
247,21.1,0x2E8,ec4017f21120b3e8
247,21.1,0x2E8,ec4017f21120b3e8
247,21.1,0x2E8,ec4017f21120b3e8
247,21.1,0x2E8,ec4017f21120b3e8
247,21.1,0x2E8,ec4017f21120b3e8
247,21.1,0x2E8,ec4017f21120b3e8
247,21.0,0x29D,ec4017f20120a39d
247,21.0,0x29D,ec4017f20120a39d
247,21.0,0x29D,ec4017f20120a39d
247,21.0,0x29D,ec4017f20120a39d
247,20.9,0x2D2,ec4017f2902024d2
247,20.9,0x2D2,ec4017f2902024d2
247,20.9,0x2D2,ec4017f2902024d2
247,20.9,0x2D2,ec4017f2902024d2
247,20.8,0x2A7,ec4017f2802014a7
247,20.8,0x2A7,ec4017f2802014a7
247,20.8,0x2A7,ec4017f2802014a7
247,20.8,0x2A7,ec4017f2802014a7
247,20.7,0x2E6,ec4017f2702004e6
247,20.7,0x2E6,ec4017f2702004e6
247,20.7,0x2E6,ec4017f2702004e6
247,20.7,0x2E6,ec4017f2702004e6
247,20.6,0x293,ec4017f26020f393
247,20.6,0x293,ec4017f26020f393
247,20.5,0x20C,ec4017f25020e30c
247,20.5,0x20C,ec4017f25020e30c
247,20.5,0x20C,ec4017f25020e30c
247,20.5,0x20C,ec4017f25020e30c
247,20.4,0x279,ec4017f24020d379
247,20.4,0x279,ec4017f24020d379
247,20.4,0x279,ec4017f24020d379
247,20.4,0x279,ec4017f24020d379
247,20.4,0x279,ec4017f24020d379
247,20.4,0x279,ec4017f24020d379
247,20.4,0x279,ec4017f24020d379
247,20.4,0x279,ec4017f24020d379
247,20.3,0x253,ec4017f23020c353
247,20.3,0x253,ec4017f23020c353
247,20.3,0x253,ec4017f23020c353
247,20.3,0x253,ec4017f23020c353
247,20.3,0x253,ec4017f23020c353
247,20.3,0x253,ec4017f23020c353
247,20.2,0x226,ec4017f22020b326
247,20.2,0x226,ec4017f22020b326
247,20.2,0x226,ec4017f22020b326
247,20.2,0x226,ec4017f22020b326
247,20.2,0x226,ec4017f22020b326
247,20.2,0x226,ec4017f22020b326
247,20.1,0x2B9,ec4017f21020a3b9
247,20.1,0x2B9,ec4017f21020a3b9
247,20.1,0x2B9,ec4017f21020a3b9
247,20.1,0x2B9,ec4017f21020a3b9
247,20.1,0x2B9,ec4017f21020a3b9
247,20.1,0x2B9,ec4017f21020a3b9
247,20.1,0x2B9,ec4017f21020a3b9
247,20.1,0x2B9,ec4017f21020a3b9
247,20.1,0x2B9,ec4017f21020a3b9
247,20.1,0x2B9,ec4017f21020a3b9
247,20.0,0x2CC,ec4017f2002093cc
247,20.0,0x2CC,ec4017f2002093cc
247,20.0,0x2CC,ec4017f2002093cc
247,20.0,0x2CC,ec4017f2002093cc
247,20.0,0x2CC,ec4017f2002093cc
247,20.0,0x2CC,ec4017f2002093cc
247,20.0,0x2CC,ec4017f2002093cc
247,20.0,0x2CC,ec4017f2002093cc
247,20.0,0x2CC,ec4017f2002093cc
247,20.0,0x2CC,ec4017f2002093cc
247,20.0,0x2CC,ec4017f2002093cc
247,20.0,0x2CC,ec4017f2002093cc
247,19.6,0x241,ec4017f269107441
247,19.6,0x241,ec4017f269107441
247,18.5,0x28F,ec4017f25810548f
247,18.5,0x28F,ec4017f25810548f
247,18.0,0x24F,ec4017f20810044f
247,18.0,0x24F,ec4017f20810044f
247,17.1,0x206,ec4017f217100406
247,17.1,0x206,ec4017f217100406
247,16.8,0x249,ec4017f286106449
247,16.8,0x249,ec4017f286106449
247,16.6,0x27D,ec4017f26610447d
247,16.6,0x27D,ec4017f26610447d
247,16.3,0x2BD,ec4017f2361014bd
247,16.3,0x2BD,ec4017f2361014bd
247,16.0,0x222,ec4017f20610e322
247,16.0,0x222,ec4017f20610e322
247,15.8,0x2BA,ec4017f2851054ba
247,15.8,0x2BA,ec4017f2851054ba
247,15.5,0x211,ec4017f255102411
247,15.5,0x211,ec4017f255102411
247,15.8,0x2BA,ec4017f2851054ba
247,16.3,0x2BD,ec4017f2361014bd
247,16.6,0x27D,ec4017f26610447d
247,17.1,0x206,ec4017f217100406
247,17.6,0x22C,ec4017f26710542c
247,17.6,0x22C,ec4017f26710542c
247,17.9,0x26D,ec4017f29710846d
247,17.9,0x26D,ec4017f29710846d
247,18.0,0x24F,ec4017f20810044f
247,18.0,0x24F,ec4017f20810044f
247,18.1,0x23A,ec4017f21810143a
247,18.1,0x23A,ec4017f21810143a
247,18.2,0x2A5,ec4017f2281024a5
247,18.2,0x2A5,ec4017f2281024a5
247,18.2,0x2A5,ec4017f2281024a5
247,20.0,0x2CC,ec4017f2002093cc
247,25.8,0x2B3,ec4017f2852064b3
247,34.6,0x2D1,ec4017f2643044d1
247,41.5,0x22F,ec4017f25140142f
247,47.3,0x297,ec4017f237405497
247,58.6,0x26C,ec4017f26850a46c
247,56.5,0x29E,ec4017f25650749e
247,48.9,0x1F1,ec4017f19840b4f1
247,45.9,0x16F,ec4017f19540846f
247,50.2,0x188,ec4017f12050d388
247,57.0,0x1D4,ec4017f1075024d4
247,57.1,0x1A1,ec4017f1175034a1
247,53.1,0x1E4,ec4017f11350f3e4
247,49.6,0x1E1,ec4017f1694094e1
247,52.6,0x19F,ec4017f16250349f
247,51.5,0x1F3,ec4017f1515014f3
247,46.6,0x1DD,ec4017f1664064dd
247,43.4,0x123,ec4017f143401423
247,41.3,0x1AB,ec4017f13140e3ab
247,51.0,0x133,ec4017f10150c333
247,61.4,0x18F,ec4017f14160148f
247,57.9,0x1CA,ec4017f19750b4ca
247,52.6,0x19F,ec4017f16250349f
247,49.6,0x1E1,ec4017f1694094e1
247,43.0,0x196,ec4017f10340d396
247,40.7,0x14F,ec4017f17040144f
247,38.6,0x1C5,ec4017f1683074c5
247,36.9,0x1E9,ec4017f1963084e9
247,35.3,0x19B,ec4017f13530149b
247,34.0,0x155,ec4017f10430d355
247,32.8,0x1D9,ec4017f1823034d9
247,31.7,0x16B,ec4017f17130146b
247,30.7,0x13A,ec4017f17030043a
247,29.9,0x1D2,ec4017f19920a4d2
247,29.2,0x126,ec4017f129203426
247,28.6,0x1C2,ec4017f1682064c2
247,28.0,0x19D,ec4017f10820049d
247,27.6,0x1FE,ec4017f1672054fe
247,27.1,0x1D4,ec4017f1172004d4
247,26.7,0x1DA,ec4017f1762054da
247,26.0,0x1F0,ec4017f10620e3f0
247,25.4,0x1B6,ec4017f1452014b6
247,25.2,0x1E9,ec4017f12520f3e9
247,24.9,0x14C,ec4017f19420544c
247,24.6,0x10D,ec4017f16420240d
247,23.9,0x1FA,ec4017f1932044fa
