timestamp,model,raw168,raw64,temp,channel,house_code,battery,sensor_type_hex,rolling_code_hex,checksum_hex
2025-12-03 20:16:49,Oregon-THN132N,555555559995a5a6aa6a65999a6aa96aaa9aa65a99,ec401da21810243a,18.1,1,173,1,0xE,0x40,0x243
2025-12-03 20:17:28,Oregon-THN132N,555555559995a5a6aa6a65999aaaa96aaa6aa6a655,ec401da20810144f,18.1,1,173,1,0xE,0x40,0x144
2025-12-03 20:25:16,Oregon-THN132N,555555559995a5a6aa6a65999a69566aaa69a69665,ec401da29710946d,18.0,1,173,1,0xE,0x40,0x946
2025-12-03 20:27:13,Oregon-THN132N,555555559995a5a6aa6a65999a56696aaa69a65aa6,ec401da279109434,18.1,1,173,1,0xE,0x40,0x943
2025-12-03 20:27:52,Oregon-THN132N,555555559995a5a6aa6a65999aa6696aaa96a69959,ec401da2491064ab,19.7,1,173,1,0xE,0x40,0x64A
2025-12-03 20:28:31,Oregon-THN132N,555555559995a5a6aa6a65999a9a696aaaa6a655a6,ec401da2291044f4,19.4,1,173,1,0xE,0x40,0x44F
2025-12-03 20:29:10,Oregon-THN132N,555555559995a5a6aa6a65999a6a696aaa5aa69659,ec401da21910346b,19.2,1,173,1,0xE,0x40,0x346
2025-12-03 20:29:49,Oregon-THN132N,555555559995a5a6aa6a65999a5a696aaa66a6a96a,ec401da239105481,19.1,1,173,1,0xE,0x40,0x548
2025-12-03 20:30:28,Oregon-THN132N,555555559995a5a6aa6a65999a9a9a9aaa955aa9a6,ec401da22220e384,19.3,1,173,1,0xE,0x40,0xE38
2025-12-03 20:31:07,Oregon-THN132N,555555559995a5a6aa6a65999a6aa69aaa555a55a5,ec401da21420f3fc,22.2,1,173,1,0xE,0x40,0xF3F
2025-12-03 20:31:47,Oregon-THN132N,555555559995a5a6aa6a65999a5a669aaa9aa6a656,ec401da235202447,24.1,1,173,1,0xE,0x40,0x244
2025-12-03 20:32:25,Oregon-THN132N,555555559995a5a6aa6a65999a9a969aaa9aa6a56a,ec401da2262024c1,25.3,1,173,1,0xE,0x40,0x24C
2025-12-03 20:33:04,Oregon-THN132N,555555559995a5a6aa6a65999aa9969aaaa9a6a6aa,ec401da286208440,26.2,1,173,1,0xE,0x40,0x844
2025-12-03 20:33:43,Oregon-THN132N,555555559995a5a6aa6a65999a5a569aaaa6a69566,ec401da2372044e5,26.8,1,173,1,0xE,0x40,0x44E
2025-12-03 20:34:22,Oregon-THN132N,555555559995a5a6aa6a65999a56569aaaa9a666aa,ec401da277208450,27.3,1,173,1,0xE,0x40,0x845
2025-12-03 20:35:02,Oregon-THN132N,555555559995a5a6aa6a65999a6aa99aaa5aa65a5a,ec401da218203433,27.7,1,173,1,0xE,0x40,0x343
2025-12-03 20:35:40,Oregon-THN132N,555555559995a5a6aa6a65999aa6a99aaa96a6555a,ec401da2482064f3,28.1,1,173,1,0xE,0x40,0x64F
2025-12-03 20:36:19,Oregon-THN132N,555555559995a5a6aa6a65999a96a99aaaa9a66a69,ec401da268208419,28.4,1,173,1,0xE,0x40,0x841
2025-12-03 20:36:58,Oregon-THN132N,555555559995a5a6aa6a65999a69a99aaa59a666a9,ec401da29820b458,28.6,1,173,1,0xE,0x40,0xB45
2025-12-03 20:37:37,Oregon-THN132N,555555559995a5a6aa6a65996a6a699aaa5aa65969,ec401da1192034b9,28.9,1,173,1,0xE,0x40,0x34B
2025-12-03 20:38:17,Oregon-THN132N,555555559995a5a6aa6a65996a5a699aaa66a6665a,ec401da139205453,29.1,1,173,1,0xE,0x40,0x545
2025-12-03 20:38:55,Oregon-THN132N,555555559995a5a6aa6a65996a66699aaa56a6aaa5,ec401da15920740c,29.3,1,173,1,0xE,0x40,0x740
2025-12-03 20:39:34,Oregon-THN132N,555555559995a5a6aa6a65996a96699aaaa9a6695a,ec401da169208493,29.5,1,173,1,0xE,0x40,0x849
2025-12-03 20:40:52,Oregon-THN132N,555555559995a5a6aa6a65996a69699aaa59a6659a,ec401da19920b4d2,29.6,1,173,1,0xE,0x40,0xB4D
2025-12-03 20:41:32,Oregon-THN132N,555555559995a5a6aa6a65996aaaaa5aaa995a6aaa,ec401da10030a310,29.9,1,173,1,0xE,0x40,0xA31
2025-12-03 20:42:10,Oregon-THN132N,555555559995a5a6aa6a65996a9aaa5aaaa55a5599,ec401da12030c3fa,30.0,1,173,1,0xE,0x40,0xC3F
2025-12-03 20:42:49,Oregon-THN132N,555555559995a5a6aa6a65996a5aaa5aaa655aa955,ec401da13030d38f,30.2,1,173,1,0xE,0x40,0xD38
2025-12-03 20:43:29,Oregon-THN132N,555555559995a5a6aa6a65996aa6aa5aaa955a9966,ec401da14030e3a5,30.3,1,173,1,0xE,0x40,0xE3A
2025-12-03 20:44:07,Oregon-THN132N,555555559995a5a6aa6a65996a66aa5aaa555a65aa,ec401da15030f3d0,30.4,1,173,1,0xE,0x40,0xF3D
2025-12-03 20:44:47,Oregon-THN132N,555555559995a5a6aa6a65996a96aa5aaaaaa6a655,ec401da16030044f,30.5,1,173,1,0xE,0x40,0x44
2025-12-03 20:45:25,Oregon-THN132N,555555559995a5a6aa6a65996a56aa5aaa6aa65a99,ec401da17030143a,30.6,1,173,1,0xE,0x40,0x143
2025-12-03 20:46:04,Oregon-THN132N,555555559995a5a6aa6a65996aa9aa5aaa9aa65659,ec401da18030247b,30.7,1,173,1,0xE,0x40,0x247
2025-12-03 20:46:44,Oregon-THN132N,555555559995a5a6aa6a65996a69aa5aaa5aa6aa95,ec401da19030340e,30.8,1,173,1,0xE,0x40,0x340
2025-12-03 20:47:22,Oregon-THN132N,555555559995a5a6aa6a65996aaa6a5aaa595aa66a,ec401da10130b341,30.9,1,173,1,0xE,0x40,0xB34
2025-12-03 20:48:02,Oregon-THN132N,555555559995a5a6aa6a65996a6a6a5aaaa55a5aa6,ec401da11130c334,31.0,1,173,1,0xE,0x40,0xC33
2025-12-03 20:48:41,Oregon-THN132N,555555559995a5a6aa6a65996a9a6a5aaa655a9959,ec401da12130d3ab,31.1,1,173,1,0xE,0x40,0xD3A
2025-12-03 20:49:20,Oregon-THN132N,555555559995a5a6aa6a65996a5a6a5aaa955a6595,ec401da13130e3de,31.2,1,173,1,0xE,0x40,0xE3D
2025-12-03 20:49:59,Oregon-THN132N,555555559995a5a6aa6a65996aa66a5aaa555a55a6,ec401da14130f3f4,31.3,1,173,1,0xE,0x40,0xF3F
2025-12-03 20:50:37,Oregon-THN132N,555555559995a5a6aa6a65996a666a5aaaaaa6a96a,ec401da151300481,31.4,1,173,1,0xE,0x40,0x48
2025-12-03 20:51:17,Oregon-THN132N,555555559995a5a6aa6a65996a966a5aaa6aa66a95,ec401da16130141e,31.5,1,173,1,0xE,0x40,0x141
2025-12-03 20:52:35,Oregon-THN132N,555555559995a5a6aa6a65996a566a5aaa9aa69659,ec401da17130246b,31.6,1,173,1,0xE,0x40,0x246
2025-12-03 20:53:14,Oregon-THN132N,555555559995a5a6aa6a65996aa96a5aaa5aa69a99,ec401da18130342a,31.7,1,173,1,0xE,0x40,0x342
2025-12-03 20:53:52,Oregon-THN132N,555555559995a5a6aa6a65996a696a5aaaa6a66655,ec401da19130445f,31.8,1,173,1,0xE,0x40,0x445
2025-12-03 20:54:32,Oregon-THN132N,555555559995a5a6aa6a65996aaa9a5aaaa55a599a,ec401da10230c3b2,31.9,1,173,1,0xE,0x40,0xC3B
2025-12-03 20:55:50,Oregon-THN132N,555555559995a5a6aa6a65996a6a9a5aaa655aa556,ec401da11230d3c7,32.0,1,173,1,0xE,0x40,0xD3C
2025-12-03 20:56:29,Oregon-THN132N,555555559995a5a6aa6a65996a9a9a5aaa955a66a9,ec401da12230e358,32.1,1,173,1,0xE,0x40,0xE35
2025-12-03 20:57:47,Oregon-THN132N,555555559995a5a6aa6a65996a5a9a5aaa555a9a65,ec401da13230f32d,32.2,1,173,1,0xE,0x40,0xF32
2025-12-03 20:59:05,Oregon-THN132N,555555559995a5a6aa6a65996aa69a5aaaaaa6aa56,ec401da142300407,32.3,1,173,1,0xE,0x40,0x40
2025-12-03 20:59:44,Oregon-THN132N,555555559995a5a6aa6a65996a669a5aaa6aa6569a,ec401da152301472,32.4,1,173,1,0xE,0x40,0x147
2025-12-03 21:01:02,Oregon-THN132N,555555559995a5a6aa6a65996a969a5aaa9aa69565,ec401da1623024ed,32.5,1,173,1,0xE,0x40,0x24E
2025-12-03 21:01:41,Oregon-THN132N,555555559995a5a6aa6a65996a569a5aaa5aa669a9,ec401da172303498,32.6,1,173,1,0xE,0x40,0x349
2025-12-03 21:03:38,Oregon-THN132N,555555559995a5a6aa6a65996aa99a5aaaa6a66569,ec401da1823044d9,32.7,1,173,1,0xE,0x40,0x44D
2025-12-03 21:04:17,Oregon-THN132N,555555559995a5a6aa6a65996a699a5aaa66a699a5,ec401da1923054ac,32.9,1,173,1,0xE,0x40,0x54A
2025-12-03 21:05:35,Oregon-THN132N,555555559995a5a6aa6a65996aaa5a5aaa655a955a,ec401da10330d3e3,32.9,1,173,1,0xE,0x40,0xD3E
2025-12-03 21:06:53,Oregon-THN132N,555555559995a5a6aa6a65996a6a5a5aaa955a6996,ec401da11330e396,33.0,1,173,1,0xE,0x40,0xE39
2025-12-03 21:08:11,Oregon-THN132N,555555559995a5a6aa6a65996a9a5a5aaa555aaa69,ec401da12330f309,33.1,1,173,1,0xE,0x40,0xF30
2025-12-03 21:09:29,Oregon-THN132N,555555559995a5a6aa6a65996a5a5a5aaaaaa656a5,ec401da13330047c,33.2,1,173,1,0xE,0x40,0x47
2025-12-03 21:10:47,Oregon-THN132N,555555559995a5a6aa6a65996aa65a5aaa6aa66696,ec401da143301456,33.4,1,173,1,0xE,0x40,0x145
2025-12-03 21:13:23,Oregon-THN132N,555555559995a5a6aa6a65996a9a5a5aaa555aaa69,ec401da12330f309,33.4,1,173,1,0xE,0x40,0xF30
2025-12-03 21:14:02,Oregon-THN132N,555555559995a5a6aa6a65996aaa5a5aaa655a955a,ec401da10330d3e3,33.2,1,173,1,0xE,0x40,0xD3E
2025-12-03 21:14:41,Oregon-THN132N,555555559995a5a6aa6a65996aa99a5aaaa6a66569,ec401da1823044d9,33.0,1,173,1,0xE,0x40,0x44D
2025-12-03 21:15:20,Oregon-THN132N,555555559995a5a6aa6a65996a569a5aaa5aa669a9,ec401da172303498,32.8,1,173,1,0xE,0x40,0x349
2025-12-03 21:16:38,Oregon-THN132N,555555559995a5a6aa6a65996a6a5a5aaa955a6996,ec401da11330e396,32.7,1,173,1,0xE,0x40,0xE39
2025-12-03 21:17:17,Oregon-THN132N,555555559995a5a6aa6a65996a5a5a5aaaaaa656a5,ec401da13330047c,33.1,1,173,1,0xE,0x40,0x47
2025-12-03 21:17:56,Oregon-THN132N,555555559995a5a6aa6a65996a665a5aaa9aa69a5a,ec401da153302423,33.3,1,173,1,0xE,0x40,0x242
2025-12-03 21:18:35,Oregon-THN132N,555555559995a5a6aa6a65996a565a5aaaa6a6a569,ec401da1733044c9,33.5,1,173,1,0xE,0x40,0x44C
2025-12-03 21:19:14,Oregon-THN132N,555555559995a5a6aa6a65996aa95a5aaa66a6a9a9,ec401da183305488,33.7,1,173,1,0xE,0x40,0x548
2025-12-03 21:19:53,Oregon-THN132N,555555559995a5a6aa6a65996aaaa65aaa955a6666,ec401da10430e355,33.8,1,173,1,0xE,0x40,0xE35
2025-12-03 21:20:32,Oregon-THN132N,555555559995a5a6aa6a65996a6aa65aaa555a9aaa,ec401da11430f320,34.0,1,173,1,0xE,0x40,0xF32
2025-12-03 21:21:11,Oregon-THN132N,555555559995a5a6aa6a65996a9aa65aaaaaa65955,ec401da1243004bf,34.1,1,173,1,0xE,0x40,0x4B
2025-12-03 21:21:50,Oregon-THN132N,555555559995a5a6aa6a65996a5aa65aaa6aa6a599,ec401da1343014ca,34.2,1,173,1,0xE,0x40,0x14C
2025-12-03 21:22:29,Oregon-THN132N,555555559995a5a6aa6a65996aa6a65aaa9aa695aa,ec401da1443024e0,34.3,1,173,1,0xE,0x40,0x24E
2025-12-03 21:23:08,Oregon-THN132N,555555559995a5a6aa6a65996a66a65aaa5aa66966,ec401da154303495,34.4,1,173,1,0xE,0x40,0x349
2025-12-03 21:23:47,Oregon-THN132N,555555559995a5a6aa6a65996a96a65aaaa6a6aa99,ec401da16430440a,34.5,1,173,1,0xE,0x40,0x440
2025-12-03 21:24:26,Oregon-THN132N,555555559995a5a6aa6a65996a56a65aaa66a65655,ec401da17430547f,34.6,1,173,1,0xE,0x40,0x547
2025-12-03 21:25:05,Oregon-THN132N,555555559995a5a6aa6a65996aa9a65aaa96a65a95,ec401da18430643e,34.7,1,173,1,0xE,0x40,0x643
2025-12-03 21:26:23,Oregon-THN132N,555555559995a5a6aa6a65996a69a65aaa56a6a659,ec401da19430744b,34.8,1,173,1,0xE,0x40,0x744
2025-12-03 21:27:02,Oregon-THN132N,555555559995a5a6aa6a65996aaa665aaa555aaaa6,ec401da10530f304,34.9,1,173,1,0xE,0x40,0xF30
2025-12-03 21:28:20,Oregon-THN132N,555555559995a5a6aa6a65996a6a665aaaaaa6566a,ec401da115300471,35.0,1,173,1,0xE,0x40,0x47
2025-12-03 21:29:38,Oregon-THN132N,555555559995a5a6aa6a65996a9a665aaa6aa69595,ec401da1253014ee,35.1,1,173,1,0xE,0x40,0x14E
2025-12-03 21:30:17,Oregon-THN132N,555555559995a5a6aa6a65996a5a665aaa9aa66959,ec401da13530249b,35.2,1,173,1,0xE,0x40,0x249
2025-12-03 21:31:35,Oregon-THN132N,555555559995a5a6aa6a65996aa6665aaa5aa6596a,ec401da1453034b1,35.3,1,173,1,0xE,0x40,0x34B
2025-12-03 21:33:32,Oregon-THN132N,555555559995a5a6aa6a65996a66665aaaa6a6a5a6,ec401da1553044c4,35.4,1,173,1,0xE,0x40,0x44C
2025-12-03 21:34:50,Oregon-THN132N,555555559995a5a6aa6a65996a96665aaa66a66659,ec401da16530545b,35.5,1,173,1,0xE,0x40,0x545
2025-12-03 21:35:30,Oregon-THN132N,555555559995a5a6aa6a65996a56665aaa96a69a95,ec401da17530642e,35.6,1,173,1,0xE,0x40,0x642
2025-12-03 21:36:47,Oregon-THN132N,555555559995a5a6aa6a65996aa9665aaa56a69655,ec401da18530746f,35.7,1,173,1,0xE,0x40,0x746
2025-12-03 21:38:45,Oregon-THN132N,555555559995a5a6aa6a65996a69665aaaa9a66a99,ec401da19530841a,35.8,1,173,1,0xE,0x40,0x841
2025-12-03 21:41:20,Oregon-THN132N,555555559995a5a6aa6a65996aaa965aaaaaa65556,ec401da1063004f7,35.9,1,173,1,0xE,0x40,0x4F
2025-12-03 21:43:57,Oregon-THN132N,555555559995a5a6aa6a65996a6a965aaa6aa6a99a,ec401da116301482,36.0,1,173,1,0xE,0x40,0x148
2025-12-03 21:46:32,Oregon-THN132N,555555559995a5a6aa6a65996bea965baa6aa6a99a,ec401da12630241d,36.1,1,173,1,0xE,0x40,0x241
2025-12-03 21:46:32,Oregon-THN132N,555555559995a5a6aa6a65996a9a965aaa9aa66a65,ec401da12630241d,36.2,1,173,1,0xE,0x40,0x241
2025-12-03 21:55:00,Oregon-THN132N,555555559995a5a6aa6a65996a5a965aaa5aa696a9,ec401da136303468,36.2,1,173,1,0xE,0x40,0x346
2025-12-03 21:55:24,Oregon-THN132N,555555559995a5a6aa6a9a6aa96a965aaaa65a9a6a,ec40121816304321,36.3,1,173,1,0xE,0x40,0x432
2025-12-03 21:56:04,Oregon-THN132N,555555559995a5a6aa6a9a6aa969a65aaa995a95a9,ec4012189430a3e8,36.1,1,18,1,0xE,0x40,0xA3E
2025-12-03 21:56:43,Oregon-THN132N,555555559995a5a6aa6a9a6aa9665a5aaa665aa9aa,ec40121853305380,34.9,1,18,1,0xE,0x40,0x538
2025-12-03 21:57:21,Oregon-THN132N,555555559995a5a6aa6a9a6aa9a69a5aaa5a5a99a6,ec401218423033a4,33.5,1,18,1,0xE,0x40,0x33A
2025-12-03 21:58:01,Oregon-THN132N,555555559995a5a6aa6a9a6aa95a6a5aaa6a5a5665,ec4012183130137d,32.4,1,18,1,0xE,0x40,0x137
2025-12-03 21:58:39,Oregon-THN132N,555555559995a5a6aa6a9a6aa9a6aa5aaa6a5aaa96,ec40121840301306,31.3,1,18,1,0xE,0x40,0x130
2025-12-03 21:59:19,Oregon-THN132N,555555559995a5a6aa6a9a6aa966699aaa995a9955,ec4012185920a3af,30.4,1,18,1,0xE,0x40,0xA3A
2025-12-03 21:59:58,Oregon-THN132N,555555559995a5a6aa6a9a6aa9a9a99aaaa55a6666,ec4012188820c355,29.5,1,18,1,0xE,0x40,0xC35
2025-12-03 22:00:36,Oregon-THN132N,555555559995a5a6aa6a9a6aa96aa99aaa665aa659,ec4012181820534b,28.8,1,18,1,0xE,0x40,0x534
2025-12-03 22:01:16,Oregon-THN132N,555555559995a5a6aa6a9a6aa966569aaaa95aa59a,ec401218572083c2,28.1,1,18,1,0xE,0x40,0x83C
2025-12-03 22:01:54,Oregon-THN132N,555555559995a5a6aa6a9a6aa969969aaa595aa665,ec4012189620b34d,27.5,1,18,1,0xE,0x40,0xB34
2025-12-03 22:02:34,Oregon-THN132N,555555559995a5a6aa6a9a6aa9a6969aaa965a9596,ec401218462063e6,26.9,1,18,1,0xE,0x40,0x63E
2025-12-03 22:03:13,Oregon-THN132N,555555559995a5a6aa6a9a6aa9aa969aaa9a5a665a,ec40121806202353,26.4,1,18,1,0xE,0x40,0x235
2025-12-03 22:03:51,Oregon-THN132N,555555559995a5a6aa6a9a6aa966669aaa965a96aa,ec40121855206360,26.0,1,18,1,0xE,0x40,0x636
2025-12-03 22:04:31,Oregon-THN132N,555555559995a5a6aa6a9a6aa96a669aaa9a5a6566,ec401218152023d5,25.5,1,18,1,0xE,0x40,0x23D
2025-12-03 22:05:10,Oregon-THN132N,555555559995a5a6aa6a9a6aa9a9a69aaaa95a6999,ec4012188420839a,25.1,1,18,1,0xE,0x40,0x839
2025-12-03 22:05:49,Oregon-THN132N,555555559995a5a6aa6a9a6aa966a69aaa665a5a6a,ec40121854205331,24.8,1,18,1,0xE,0x40,0x533
2025-12-03 22:06:28,Oregon-THN132N,555555559995a5a6aa6a9a6aa99aa69aaa9a5a6a59,ec4012182420231b,24.5,1,18,1,0xE,0x40,0x231
2025-12-03 22:07:06,Oregon-THN132N,555555559995a5a6aa6a9a6aa9695a9aaaa95a6669,ec40121893208359,24.2,1,18,1,0xE,0x40,0x835
2025-12-03 22:07:46,Oregon-THN132N,555555559995a5a6aa6a9a6aa9965a9aaa665a6aa9,ec40121863205318,23.9,1,18,1,0xE,0x40,0x531
2025-12-03 22:08:25,Oregon-THN132N,555555559995a5a6aa6a9a6aa95a5a9aaa9a5a65a9,ec401218332023d8,23.6,1,18,1,0xE,0x40,0x23D
2025-12-03 22:09:04,Oregon-THN132N,555555559995a5a6aa6a9a6aa96a5a9aaaaa5a5a9a,ec40121813200332,23.3,1,18,1,0xE,0x40,0x33
2025-12-03 22:09:43,Oregon-THN132N,555555559995a5a6aa6a9a6aa9699a9aaa565aaaa9,ec40121892207308,23.1,1,18,1,0xE,0x40,0x730
2025-12-03 22:10:21,Oregon-THN132N,555555559995a5a6aa6a9a6aa9969a9aaaa65aa669,ec40121862204349,22.9,1,18,1,0xE,0x40,0x434
2025-12-03 22:11:01,Oregon-THN132N,555555559995a5a6aa6a9a6aa9a69a9aaa9a5a995a,ec401218422023a3,22.6,1,18,1,0xE,0x40,0x23A
2025-12-03 22:11:40,Oregon-THN132N,555555559995a5a6aa6a9a6aa99a9a9aaaaa5a55a5,ec401218222003fc,22.4,1,18,1,0xE,0x40,0x3F
2025-12-03 22:12:19,Oregon-THN132N,555555559995a5a6aa6a9a6aa9aa9a9aaa959a6a96,ec4012180220e216,22.2,1,18,1,0xE,0x40,0xE21
2025-12-03 22:12:58,Oregon-THN132N,555555559995a5a6aa6a9a6aa9a96a9aaa665aa995,ec4012188120538e,22.0,1,18,1,0xE,0x40,0x538
2025-12-03 22:13:36,Oregon-THN132N,555555559995a5a6aa6a9a6aa9566a9aaaa65aa555,ec401218712043cf,21.7,1,18,1,0xE,0x40,0x43C
2025-12-03 22:14:16,Oregon-THN132N,555555559995a5a6aa6a9a6aa9666a9aaa9a5a9a66,ec40121851202325,21.7,1,18,1,0xE,0x40,0x232
2025-12-03 22:14:55,Oregon-THN132N,555555559995a5a6aa6a9a6aa9a66a9aaa6a5a66aa,ec40121841201350,21.5,1,18,1,0xE,0x40,0x135
2025-12-03 22:15:34,Oregon-THN132N,555555559995a5a6aa6a9a6aa99a6a9aaa559aaa55,ec4012182120f20f,21.4,1,18,1,0xE,0x40,0xF20
2025-12-03 22:16:13,Oregon-THN132N,555555559995a5a6aa6a9a6aa96a6a9aaa959a69aa,ec4012181120e290,21.2,1,18,1,0xE,0x40,0xE29
2025-12-03 22:16:52,Oregon-THN132N,555555559995a5a6aa6a9a6aa9aa6a9aaa659a9566,ec4012180120d2e5,21.1,1,18,1,0xE,0x40,0xD2E
2025-12-03 22:17:31,Oregon-THN132N,555555559995a5a6aa6a9a6aa969aa9aaa665a9999,ec401218902053aa,21.0,1,18,1,0xE,0x40,0x53A
2025-12-03 22:18:10,Oregon-THN132N,555555559995a5a6aa6a9a6aa9a9aa9aaaa65a6555,ec401218802043df,20.8,1,18,1,0xE,0x40,0x43D
2025-12-03 22:18:49,Oregon-THN132N,555555559995a5a6aa6a9a6aa956aa9aaa5a5a6995,ec4012187020339e,20.8,1,18,1,0xE,0x40,0x339
2025-12-03 22:19:28,Oregon-THN132N,555555559995a5a6aa6a9a6aa996aa9aaa9a5a9559,ec401218602023eb,20.7,1,18,1,0xE,0x40,0x23E
2025-12-03 22:20:07,Oregon-THN132N,555555559995a5a6aa6a9a6aa966aa9aaa6a5a56a6,ec40121850201374,20.6,1,18,1,0xE,0x40,0x137
2025-12-03 22:20:46,Oregon-THN132N,555555559995a5a6aa6a9a6aa9a6aa9aaaaa5aaa6a,ec40121840200301,20.5,1,18,1,0xE,0x40,0x30
2025-12-03 22:21:25,Oregon-THN132N,555555559995a5a6aa6a9a6aa95aaa9aaa559a9a59,ec4012183020f22b,20.4,1,18,1,0xE,0x40,0xF22
2025-12-03 22:22:43,Oregon-THN132N,555555559995a5a6aa6a9a6aa99aaa9aaa959a6695,ec4012182020e25e,20.3,1,18,1,0xE,0x40,0xE25
2025-12-03 22:23:22,Oregon-THN132N,555555559995a5a6aa6a9a6aa96aaa9aaa659aa56a,ec4012181020d2c1,20.2,1,18,1,0xE,0x40,0xD2C
2025-12-03 22:24:01,Oregon-THN132N,555555559995a5a6aa6a9a6aa9aaaa9aaaa59a59a6,ec4012180020c2b4,20.1,1,18,1,0xE,0x40,0xC2B
2025-12-03 22:25:19,Oregon-THN132N,555555559995a5a6aa6a9a6aa969696aaa655a56a9,ec4012189910d378,20.0,1,18,1,0xE,0x40,0xD37
2025-12-03 22:25:58,Oregon-THN132N,555555559995a5a6aa6a9a6a9aa9696aaa965a5666,ec40121289106375,19.9,1,18,1,0xE,0x40,0x637
2025-12-03 22:27:55,Oregon-THN132N,555555559995a5a6aa6a9a6a9a56696aaa665a5aa6,ec40121279105334,19.8,1,18,1,0xE,0x40,0x533
2025-12-03 22:29:13,Oregon-THN132N,555555559995a5a6aa6a9a6a9a96696aaaa65aa66a,ec40121269104341,19.7,1,18,1,0xE,0x40,0x434
2025-12-03 22:29:52,Oregon-THN132N,555555559995a5a6aa6a9a6a9a66696aaa5a5a6595,ec401212591033de,19.6,1,18,1,0xE,0x40,0x33D
2025-12-03 22:31:10,Oregon-THN132N,555555559995a5a6aa6a9a6a9aa6696aaa9a5a9959,ec401212491023ab,19.5,1,18,1,0xE,0x40,0x23A
2025-12-03 22:32:28,Oregon-THN132N,555555559995a5a6aa6a9a6a9a5a696aaa6a5aa96a,ec40121239101381,19.4,1,18,1,0xE,0x40,0x138
2025-12-03 22:37:40,Oregon-THN132N,555555559995a5a6aa6a9a6a9a69696aaa565aaaaa,ec40121299107300,19.8,1,18,1,0xE,0x40,0x730
2025-12-03 22:40:55,Oregon-THN132N,555555559995a5a6aa6a9a6a9aaaaa9aaa969aa5a5,ec401212002062cc,19.9,1,18,1,0xE,0x40,0x62C
2025-12-03 22:55:52,Oregon-THN132N,555555559995a5a6aa6a9a6aaa69696aaa665a9665,ec4012109910536d,19.9,1,18,1,0xE,0x40,0x536
2025-12-03 22:59:08,Oregon-THN132N,555555559995a5a6aa6a9a6aaaa9696aaaa65a6aa9,ec40121089104318,19.9,1,18,1,0xE,0x40,0x431
2025-12-03 23:06:56,Oregon-THN132N,555555559995a5a6aa6a9a6aaa56696aaa5a5a6669,ec40121079103359,19.8,1,18,1,0xE,0x40,0x335
2025-12-03 23:16:02,Oregon-THN132N,555555559995a5a6aa6a9a6aaa96696aaa9a5a9aa5,ec4012106910232c,19.7,1,18,1,0xE,0x40,0x232
2025-12-04 06:14:39,Oregon-THN132N,555555559995a5a6aa6aa59aa966566aaa9aa6a559,ec401c28571024cb,17.5,1,44,1,0xE,0x40,0x24C
2025-12-04 07:13:44,Oregon-THN132N,555555559995a5a6aa6a56a6a9a969aaaa5aa6aa99,ec4017488900340a,17.5,1,44,1,0xE,0x40,0x340
2025-12-04 07:15:02,Oregon-THN132N,555555559995a5a6aa6a56a6a9a66a6aaaa95a6669,ec40174841108359,9.8,1,71,1,0xE,0x40,0x835
2025-12-04 07:15:41,Oregon-THN132N,555555559995a5a6aa6a56a6a9696a6aaa655a559a,ec4017489110d3f2,11.4,1,71,1,0xE,0x40,0xD3F
2025-12-04 07:16:20,Oregon-THN132N,555555559995a5a6aa6a56a6a99a9a6aaa565a5566,ec401748221073f5,11.9,1,71,1,0xE,0x40,0x73F
2025-12-04 07:16:59,Oregon-THN132N,555555559995a5a6aa6a56a6a9669a6aaa995a6555,ec4017485210a3df,12.2,1,71,1,0xE,0x40,0xA3D
2025-12-04 07:17:38,Oregon-THN132N,555555559995a5a6aa6a56a6a9a99a6aaa655a56a6,ec4017488210d374,12.5,1,71,1,0xE,0x40,0xD37
2025-12-04 07:18:17,Oregon-THN132N,555555559995a5a6aa6a56a6a9aa5a6aaa965aa695,ec4017480310634e,12.8,1,71,1,0xE,0x40,0x634
2025-12-04 07:18:56,Oregon-THN132N,555555559995a5a6aa6a56a6a95a5a6aaa695a656a,ec401748331093d1,13.0,1,71,1,0xE,0x40,0x93D
2025-12-04 07:19:35,Oregon-THN132N,555555559995a5a6aa6a56a6a9965a6aaaa55a6a6a,ec4017486310c311,13.3,1,71,1,0xE,0x40,0xC31
2025-12-04 07:20:14,Oregon-THN132N,555555559995a5a6aa6a56a6a9a95a6aaa955a9a66,ec4017488310e325,13.6,1,71,1,0xE,0x40,0xE32
2025-12-04 07:20:53,Oregon-THN132N,555555559995a5a6aa6a56a6a9695a6aaa555a66aa,ec4017489310f350,13.8,1,71,1,0xE,0x40,0xF35
2025-12-04 07:21:32,Oregon-THN132N,555555559995a5a6aa6a56a6a96aa66aaaa95aa965,ec4017481410838d,13.9,1,71,1,0xE,0x40,0x838
2025-12-04 07:22:11,Oregon-THN132N,555555559995a5a6aa6a56a6a99aa66aaa695a6a9a,ec40174824109312,14.1,1,71,1,0xE,0x40,0x931
2025-12-04 07:22:50,Oregon-THN132N,555555559995a5a6aa6a56a6a95aa66aaa995a9656,ec4017483410a367,14.2,1,71,1,0xE,0x40,0xA36
2025-12-04 07:23:29,Oregon-THN132N,555555559995a5a6aa6a56a6a966a66aaaa55a5aa9,ec4017485410c338,14.3,1,71,1,0xE,0x40,0xC33
2025-12-04 07:24:47,Oregon-THN132N,555555559995a5a6aa6a56a6a956a66aaa955a659a,ec4017487410e3d2,14.5,1,71,1,0xE,0x40,0xE3D
2025-12-04 07:26:05,Oregon-THN132N,555555559995a5a6aa6a56a6a9a9a66aaa555a695a,ec4017488410f393,14.7,1,71,1,0xE,0x40,0xF39
2025-12-04 07:26:44,Oregon-THN132N,555555559995a5a6aa6a56a6a969a66aaaaaa69596,ec401748941004e6,14.8,1,71,1,0xE,0x40,0x4E
2025-12-04 07:27:23,Oregon-THN132N,555555559995a5a6aa6a56a6a9aa666aaaa95a9969,ec401748051083a9,14.9,1,71,1,0xE,0x40,0x83A
2025-12-04 07:28:42,Oregon-THN132N,555555559995a5a6aa6a56a6a96a666aaa695a65a5,ec401748151093dc,15.0,1,71,1,0xE,0x40,0x93D
2025-12-04 07:29:20,Oregon-THN132N,555555559995a5a6aa6a56a6a99a666aaa995aa65a,ec4017482510a343,15.1,1,71,1,0xE,0x40,0xA34
2025-12-04 07:30:38,Oregon-THN132N,555555559995a5a6aa6a56a6a95a666aaa595a5a96,ec4017483510b336,15.2,1,71,1,0xE,0x40,0xB33
2025-12-04 07:31:17,Oregon-THN132N,555555559995a5a6aa6a56a6a9a6666aaaa55a6aa5,ec4017484510c31c,15.3,1,71,1,0xE,0x40,0xC31
2025-12-04 07:32:35,Oregon-THN132N,555555559995a5a6aa6a56a6a966666aaa655a9669,ec4017485510d369,15.4,1,71,1,0xE,0x40,0xD36
2025-12-04 07:33:53,Oregon-THN132N,555555559995a5a6aa6a56a6a996666aaa955a5596,ec4017486510e3f6,15.5,1,71,1,0xE,0x40,0xE3F
2025-12-04 07:35:12,Oregon-THN132N,555555559995a5a6aa6a56a6a956666aaa555aa95a,ec4017487510f383,15.6,1,71,1,0xE,0x40,0xF38
2025-12-04 07:36:29,Oregon-THN132N,555555559995a5a6aa6a56a6a9a9666aaaaaa6a59a,ec401748851004c2,15.7,1,71,1,0xE,0x40,0x4C
2025-12-04 07:38:27,Oregon-THN132N,555555559995a5a6aa6a56a6a969666aaa6aa65956,ec401748951014b7,15.8,1,71,1,0xE,0x40,0x14B
2025-12-04 07:41:02,Oregon-THN132N,555555559995a5a6aa6a56a6a9aa966aaa695a6699,ec4017480610935a,15.9,1,71,1,0xE,0x40,0x935
2025-12-04 07:43:39,Oregon-THN132N,555555559995a5a6aa6a56a66a6a966aaa5a5aa9a5,ec4017411610338c,16.0,1,71,1,0xE,0x40,0x338
2025-12-04 07:45:36,Oregon-THN132N,555555559995a5a6aa6a56a66a9a966aaaa65a6a5a,ec40174126104313,16.1,1,71,1,0xE,0x40,0x431
2025-12-04 07:55:14,Oregon-THN132N,555555559995a5a6aa6a9566a96a696aaa66a66a5a,ec401e5819105413,19.1,1,94,1,0xE,0x40,0x541
2025-12-04 07:55:53,Oregon-THN132N,555555559995a5a6aa6a9566a99a696aaa96a6a9a5,ec401e582910648c,19.1,1,94,1,0xE,0x40,0x648
2025-12-04 07:58:29,Oregon-THN132N,555555559995a5a6aa6a9566a9aa696aaaa6a69696,ec401e5809104466,19.1,1,94,1,0xE,0x40,0x446
2025-12-04 07:59:58,Oregon-THN132N,555555559995a5a6aa6a65a5a969a96aaa9a669a69,ec401dc898102529,19.0,1,94,1,0xE,0x40,0x252
2025-12-04 08:00:37,Oregon-THN132N,555555559995a5a6aa6a65a5a96a696aaa59a66a5a,ec401dc81910b413,18.9,1,205,1,0xE,0x40,0xB41
2025-12-04 08:01:16,Oregon-THN132N,555555559995a5a6aa6a65a5a9a6696aaa95a6655a,ec401dc84910e4d3,19.1,1,205,1,0xE,0x40,0xE4D
2025-12-04 08:01:55,Oregon-THN132N,555555559995a5a6aa6a65a5a996696aaaaa665a69,ec401dc869100539,19.4,1,205,1,0xE,0x40,0x53
2025-12-04 08:03:13,Oregon-THN132N,555555559995a5a6aa6a65a5a969696aaa5a6656a9,ec401dc899103578,19.6,1,205,1,0xE,0x40,0x357
2025-12-04 08:03:52,Oregon-THN132N,555555559995a5a6aa6a65a5a95aaa9aaa66a69a59,ec401dc83020542b,19.9,1,205,1,0xE,0x40,0x542
2025-12-04 08:04:32,Oregon-THN132N,555555559995a5a6aa6a65a5a99a6a9aaa66a6aa55,ec401dc82120540f,20.3,1,205,1,0xE,0x40,0x540
2025-12-04 08:05:10,Oregon-THN132N,555555559995a5a6aa6a65a5a9696a9aaaa5a65559,ec401dc89120c4fb,21.2,1,205,1,0xE,0x40,0xC4F
2025-12-04 08:05:50,Oregon-THN132N,555555559995a5a6aa6a65a5a9669a9aaa69a66596,ec401dc8522094d6,21.9,1,205,1,0xE,0x40,0x94D
2025-12-04 08:06:28,Oregon-THN132N,555555559995a5a6aa6a65a5a9aa5a9aaa66a6a656,ec401dc803205447,22.5,1,205,1,0xE,0x40,0x544
2025-12-04 08:07:07,Oregon-THN132N,555555559995a5a6aa6a65a5a9665a9aaa99a6a956,ec401dc85320a487,23.0,1,205,1,0xE,0x40,0xA48
2025-12-04 08:07:47,Oregon-THN132N,555555559995a5a6aa6a65a5a9695a9aaa95a66669,ec401dc89320e459,23.5,1,205,1,0xE,0x40,0xE45
2025-12-04 08:08:25,Oregon-THN132N,555555559995a5a6aa6a65a5a95aa69aaa69a69695,ec401dc83420946e,23.9,1,205,1,0xE,0x40,0x946
2025-12-04 08:09:05,Oregon-THN132N,555555559995a5a6aa6a65a5a956a69aaa65a66559,ec401dc87420d4db,24.3,1,205,1,0xE,0x40,0xD4D
2025-12-04 08:09:43,Oregon-THN132N,555555559995a5a6aa6a65a5a96a669aaaa9a66566,ec401dc8152084d5,24.7,1,205,1,0xE,0x40,0x84D
2025-12-04 08:10:22,Oregon-THN132N,555555559995a5a6aa6a65a5a9a6669aaa59a66a66,ec401dc84520b415,25.1,1,205,1,0xE,0x40,0xB41
2025-12-04 08:11:02,Oregon-THN132N,555555559995a5a6aa6a65a5a9a9669aaa55a6a559,ec401dc88520f4cb,25.4,1,205,1,0xE,0x40,0xF4C
2025-12-04 08:11:40,Oregon-THN132N,555555559995a5a6aa6a65a5a96a969aaa69a69a96,ec401dc816209426,25.8,1,205,1,0xE,0x40,0x942
2025-12-04 08:12:20,Oregon-THN132N,555555559995a5a6aa6a65a5a9a6969aaaa5a69596,ec401dc84620c4e6,26.1,1,205,1,0xE,0x40,0xC4E
2025-12-04 08:12:59,Oregon-THN132N,555555559995a5a6aa6a65a5a996969aaa95a6aaa5,ec401dc86620e40c,26.4,1,205,1,0xE,0x40,0xE40
2025-12-04 08:13:37,Oregon-THN132N,555555559995a5a6aa6a65a5a956969aaa55a65669,ec401dc87620f479,26.6,1,205,1,0xE,0x40,0xF47
2025-12-04 08:14:17,Oregon-THN132N,555555559995a5a6aa6a65a5a969969aaa6a66a665,ec401dc89620154d,26.7,1,205,1,0xE,0x40,0x154
2025-12-04 08:14:55,Oregon-THN132N,555555559995a5a6aa6a65a5a9aa569aaa69a6aa9a,ec401dc807209402,26.9,1,205,1,0xE,0x40,0x940
2025-12-04 08:15:35,Oregon-THN132N,555555559995a5a6aa6a65a5a99a569aaa59a695a9,ec401dc82720b4e8,27.0,1,205,1,0xE,0x40,0xB4E
2025-12-04 08:16:53,Oregon-THN132N,555555559995a5a6aa6a65a5a95a569aaaa5a66965,ec401dc83720c49d,27.2,1,205,1,0xE,0x40,0xC49
2025-12-04 08:18:10,Oregon-THN132N,555555559995a5a6aa6a65a5a9a6569aaa65a65956,ec401dc84720d4b7,27.3,1,205,1,0xE,0x40,0xD4B
2025-12-04 08:19:29,Oregon-THN132N,555555559995a5a6aa6a65a5a966569aaa95a6a59a,ec401dc85720e4c2,27.4,1,205,1,0xE,0x40,0xE4C
2025-12-04 08:20:08,Oregon-THN132N,555555559995a5a6aa6a65a5a996569aaa55a66665,ec401dc86720f45d,27.5,1,205,1,0xE,0x40,0xF45
2025-12-04 08:20:47,Oregon-THN132N,555555559995a5a6aa6a65a5a956569aaaaa669aa9,ec401dc877200528,27.6,1,205,1,0xE,0x40,0x52
2025-12-04 08:21:26,Oregon-THN132N,555555559995a5a6aa6a65a5a969569aaa9a666aa5,ec401dc89720251c,27.7,1,205,1,0xE,0x40,0x251
2025-12-04 08:22:05,Oregon-THN132N,555555559995a5a6aa6a65a5a96aa99aaa59a6a659,ec401dc81820b44b,27.9,1,205,1,0xE,0x40,0xB44
2025-12-04 08:22:44,Oregon-THN132N,555555559995a5a6aa6a65a5a99aa99aaaa5a665a6,ec401dc82820c4d4,28.1,1,205,1,0xE,0x40,0xC4D
2025-12-04 08:23:23,Oregon-THN132N,555555559995a5a6aa6a65a5a9a6a99aaa95a6a959,ec401dc84820e48b,28.2,1,205,1,0xE,0x40,0xE48
2025-12-04 08:24:02,Oregon-THN132N,555555559995a5a6aa6a65a5a956a99aaa6a666aa6,ec401dc878201514,28.4,1,205,1,0xE,0x40,0x151
2025-12-04 08:25:20,Oregon-THN132N,555555559995a5a6aa6a65a5a996a99aaaaa66966a,ec401dc868200561,28.7,1,205,1,0xE,0x40,0x56
2025-12-04 08:26:38,Oregon-THN132N,555555559995a5a6aa6a65a5a95a669aaa99a65a55,ec401dc83520a43f,26.9,1,205,1,0xE,0x40,0xA43
2025-12-04 08:27:17,Oregon-THN132N,555555559995a5a6aa6a65a5a9a95a9aaa65a69aa5,ec401dc88320d42c,25.3,1,205,1,0xE,0x40,0xD42
2025-12-04 08:28:35,Oregon-THN132N,555555559995a5a6aa6a65a5a9a66a9aaa56a666aa,ec401dc841207450,22.5,1,205,1,0xE,0x40,0x745
2025-12-04 08:30:32,Oregon-THN132N,555555559995a5a6aa6a65a56a96a96aaaa9a6a559,ec401dc1681084cb,19.4,1,205,1,0xE,0x40,0x84C
2025-12-04 08:31:11,Oregon-THN132N,555555559995a5a6aa6a65a56aa9566aaa69a6a55a,ec401dc1871094c3,18.6,1,205,1,0xE,0x40,0x94C
2025-12-04 08:31:50,Oregon-THN132N,555555559995a5a6aa6a65a56a5a566aaaa6a65a56,ec401dc137104437,17.8,1,205,1,0xE,0x40,0x443
2025-12-04 08:32:29,Oregon-THN132N,555555559995a5a6aa6a65a56a56966aaa56a6655a,ec401dc1761074d3,17.3,1,205,1,0xE,0x40,0x74D
2025-12-04 08:33:08,Oregon-THN132N,555555559995a5a6aa6a65a56a9a966aaa9aa66a5a,ec401dc126102413,16.7,1,205,1,0xE,0x40,0x241
2025-12-04 08:33:47,Oregon-THN132N,555555559995a5a6aa6a65a56aa9666aaa56a6966a,ec401dc185107461,16.2,1,205,1,0xE,0x40,0x746
2025-12-04 08:34:26,Oregon-THN132N,555555559995a5a6aa6a65a56aa6666aaa5aa65955,ec401dc1451034bf,15.8,1,205,1,0xE,0x40,0x34B
2025-12-04 08:35:05,Oregon-THN132N,555555559995a5a6aa6a65a56aaa666aaa555aaa99,ec401dc10510f30a,15.4,1,205,1,0xE,0x40,0xF30
2025-12-04 08:35:44,Oregon-THN132N,555555559995a5a6aa6a65a56a56a66aaa66a6566a,ec401dc174105471,15.0,1,205,1,0xE,0x40,0x547
2025-12-04 08:36:23,Oregon-THN132N,555555559995a5a6aa6a65a56aa6a66aaa9aa69595,ec401dc1441024ee,14.7,1,205,1,0xE,0x40,0x24E
2025-12-04 08:37:02,Oregon-THN132N,555555559995a5a6aa6a65a56a6aa66aaa555a9a95,ec401dc11410f32e,14.4,1,205,1,0xE,0x40,0xF32
2025-12-04 08:37:41,Oregon-THN132N,555555559995a5a6aa6a65a56aa95a6aaa66a6a996,ec401dc183105486,14.1,1,205,1,0xE,0x40,0x548
2025-12-04 08:38:20,Oregon-THN132N,555555559995a5a6aa6a65a56a565a6aaaa6a6a556,ec401dc1731044c7,13.8,1,205,1,0xE,0x40,0x44C
2025-12-04 08:38:59,Oregon-THN132N,555555559995a5a6aa6a65a56aa65a6aaa6aa666a9,ec401dc143101458,13.7,1,205,1,0xE,0x40,0x145
2025-12-04 08:39:38,Oregon-THN132N,555555559995a5a6aa6a65a56a9a5a6aaa555aaa56,ec401dc12310f307,13.4,1,205,1,0xE,0x40,0xF30
2025-12-04 08:40:17,Oregon-THN132N,555555559995a5a6aa6a65a56aaa5a6aaa655a9565,ec401dc10310d3ed,13.2,1,205,1,0xE,0x40,0xD3E
2025-12-04 08:40:56,Oregon-THN132N,555555559995a5a6aa6a65a56aa99a6aaaa6a66556,ec401dc1821044d7,13.0,1,205,1,0xE,0x40,0x44D
2025-12-04 08:41:35,Oregon-THN132N,555555559995a5a6aa6a65a56a969a6aaa9aa6955a,ec401dc1621024e3,12.8,1,205,1,0xE,0x40,0x24E
2025-12-04 08:42:14,Oregon-THN132N,555555559995a5a6aa6a65a56aa69a6aaaaaa6aa69,ec401dc142100409,12.6,1,205,1,0xE,0x40,0x40
2025-12-04 08:42:53,Oregon-THN132N,555555559995a5a6aa6a65a56a5a9a6aaa555a9a5a,ec401dc13210f323,12.4,1,205,1,0xE,0x40,0xF32
2025-12-04 08:43:32,Oregon-THN132N,555555559995a5a6aa6a65a56a6a9a6aaa655aa569,ec401dc11210d3c9,12.3,1,205,1,0xE,0x40,0xD3C
2025-12-04 08:44:11,Oregon-THN132N,555555559995a5a6aa6a65a56aaa9a6aaaa55a59a5,ec401dc10210c3bc,12.1,1,205,1,0xE,0x40,0xC3B
2025-12-04 08:44:50,Oregon-THN132N,555555559995a5a6aa6a65a56a696a6aaaa6a6666a,ec401dc191104451,12.0,1,205,1,0xE,0x40,0x445
2025-12-04 08:45:29,Oregon-THN132N,555555559995a5a6aa6a65a56aa96a6aaa5aa69aa6,ec401dc181103424,11.9,1,205,1,0xE,0x40,0x342
2025-12-04 08:46:47,Oregon-THN132N,555555559995a5a6aa6a65a56a566a6aaa9aa69666,ec401dc171102465,11.8,1,205,1,0xE,0x40,0x246
2025-12-04 08:48:05,Oregon-THN132N,555555559995a5a6aa6a65a56a966a6aaa6aa66aaa,ec401dc161101410,11.7,1,205,1,0xE,0x40,0x141
2025-12-04 08:51:20,Oregon-THN132N,555555559995a5a6aa6a65a56a666a6aaaaaa6a955,ec401dc15110048f,11.6,1,205,1,0xE,0x40,0x48
2025-12-04 08:56:01,Oregon-THN132N,555555559995a5a6aa6a5566a9966a6aaa5aa6595a,ec401f58611034b3,11.6,1,205,1,0xE,0x40,0x34B
2025-12-04 08:56:40,Oregon-THN132N,555555559995a5a6aa6a5566a99a9a6aaaaaa65566,ec401f58221004f5,11.6,1,95,1,0xE,0x40,0x4F
2025-12-04 08:57:19,Oregon-THN132N,555555559995a5a6aa6a5566a9a99a6aaa96a656a6,ec401f5882106474,12.2,1,95,1,0xE,0x40,0x647
2025-12-04 08:57:58,Oregon-THN132N,555555559995a5a6aa6a5566a99a5a6aaa6aa699a6,ec401f58231014a4,12.8,1,95,1,0xE,0x40,0x14A
2025-12-04 08:58:37,Oregon-THN132N,555555559995a5a6aa6a5566a9965a6aaa66a66a6a,ec401f5863105411,13.2,1,95,1,0xE,0x40,0x541
2025-12-04 08:59:16,Oregon-THN132N,555555559995a5a6aa6a5566a9695a6aaaa9a666aa,ec401f5893108450,13.6,1,95,1,0xE,0x40,0x845
2025-12-04 08:59:55,Oregon-THN132N,555555559995a5a6aa6a5566a99aa66aaa9aa66a9a,ec401f5824102412,13.9,1,95,1,0xE,0x40,0x241
2025-12-04 09:00:34,Oregon-THN132N,555555559995a5a6aa6a5566a9a6a66aaaa6a6a665,ec401f584410444d,14.2,1,95,1,0xE,0x40,0x444
2025-12-04 09:01:13,Oregon-THN132N,555555559995a5a6aa6a5566a996a66aaa96a69956,ec401f58641064a7,14.4,1,95,1,0xE,0x40,0x64A
2025-12-04 09:01:52,Oregon-THN132N,555555559995a5a6aa6a5566a956a66aaa56a6659a,ec401f58741074d2,14.6,1,95,1,0xE,0x40,0x74D
2025-12-04 09:02:31,Oregon-THN132N,555555559995a5a6aa6a5566a969a66aaa69a69596,ec401f58941094e6,14.7,1,95,1,0xE,0x40,0x94E
2025-12-04 09:03:10,Oregon-THN132N,555555559995a5a6aa6a5566a9aa666aaa6aa69969,ec401f58051014a9,14.9,1,95,1,0xE,0x40,0x14A
2025-12-04 09:03:49,Oregon-THN132N,555555559995a5a6aa6a5566a96a666aaa9aa665a5,ec401f58151024dc,15.0,1,95,1,0xE,0x40,0x24D
2025-12-04 09:04:28,Oregon-THN132N,555555559995a5a6aa6a5566a95a666aaaa6a65a96,ec401f5835104436,15.1,1,95,1,0xE,0x40,0x443
2025-12-04 09:05:08,Oregon-THN132N,555555559995a5a6aa6a5566a9a6666aaa66a66aa5,ec401f584510541c,15.3,1,95,1,0xE,0x40,0x541
2025-12-04 09:05:46,Oregon-THN132N,555555559995a5a6aa6a5566a966666aaa96a69669,ec401f5855106469,15.4,1,95,1,0xE,0x40,0x646
2025-12-04 09:07:04,Oregon-THN132N,555555559995a5a6aa6a5566a996666aaa56a65596,ec401f58651074f6,15.5,1,95,1,0xE,0x40,0x74F
2025-12-04 09:07:43,Oregon-THN132N,555555559995a5a6aa6a5566a956666aaaa9a6a95a,ec401f5875108483,15.6,1,95,1,0xE,0x40,0x848
2025-12-04 09:08:23,Oregon-THN132N,555555559995a5a6aa6a5566a9a9666aaa69a6a59a,ec401f58851094c2,15.7,1,95,1,0xE,0x40,0x94C
2025-12-04 09:09:40,Oregon-THN132N,555555559995a5a6aa6a5566a969666aaa99a65956,ec401f589510a4b7,15.8,1,95,1,0xE,0x40,0xA4B
2025-12-04 09:10:58,Oregon-THN132N,555555559995a5a6aa6a5566a9aa966aaa9aa66699,ec401f580610245a,15.9,1,95,1,0xE,0x40,0x245
2025-12-04 09:12:16,Oregon-THN132N,555555559995a5a6aa6a5566a96a966aaa5aa69a55,ec401f581610342f,16.0,1,95,1,0xE,0x40,0x342
2025-12-04 09:13:35,Oregon-THN132N,555555559995a5a6aa6a5566a99a966aaaa6a659aa,ec401f58261044b0,16.1,1,95,1,0xE,0x40,0x44B
2025-12-04 09:15:31,Oregon-THN132N,555555559995a5a6aa6a5566a95a966aaa66a6a566,ec401f58361054c5,16.2,1,95,1,0xE,0x40,0x54C
2025-12-04 09:18:08,Oregon-THN132N,555555559995a5a6aa6a5566a9a6966aaa96a69555,ec401f58461064ef,16.3,1,95,1,0xE,0x40,0x64E
2025-12-04 09:19:25,Oregon-THN132N,555555559995a5a6aa6a5566a966966aaa56a66999,ec401f585610749a,16.4,1,95,1,0xE,0x40,0x749
2025-12-04 09:22:02,Oregon-THN132N,555555559995a5a6aa6a5566a996966aaaa9a6aa66,ec401f5866108405,16.5,1,95,1,0xE,0x40,0x840
2025-12-04 09:25:17,Oregon-THN132N,555555559995a5a6aa6a5566a956966aaa69a656aa,ec401f5876109470,16.6,1,95,1,0xE,0x40,0x947
2025-12-04 09:26:35,Oregon-THN132N,555555559995a5a6aa6a55666a56966aaa9aa6655a,ec401f51761024d3,16.6,1,95,1,0xE,0x40,0x24D
2025-12-04 09:29:10,Oregon-THN132N,555555559995a5a6aa6a55666aa9966aaa5aa6699a,ec401f5186103492,16.7,1,95,1,0xE,0x40,0x349
2025-12-04 09:33:44,Oregon-THN132N,555555559995a5a6aa6a55666aaa566aaaa55a99a9,ec401f510710c3a8,16.8,1,95,1,0xE,0x40,0xC3A
2025-12-04 09:34:23,Oregon-THN132N,555555559995a5a6aa6a55666a66566aaa6aa696a9,ec401f5157101468,17.0,1,95,1,0xE,0x40,0x146
2025-12-04 09:35:02,Oregon-THN132N,555555559995a5a6aa6a55666a69566aaa66a65996,ec401f51971054b6,17.5,1,95,1,0xE,0x40,0x54B
2025-12-04 09:35:41,Oregon-THN132N,555555559995a5a6aa6a55666a9aa96aaa555a5695,ec401f512810f37e,17.9,1,95,1,0xE,0x40,0xF37
2025-12-04 09:36:20,Oregon-THN132N,555555559995a5a6aa6a55666a66a96aaa9aa666a6,ec401f5158102454,18.2,1,95,1,0xE,0x40,0x245
2025-12-04 09:36:59,Oregon-THN132N,555555559995a5a6aa6a55666aa9a96aaa66a65555,ec401f51881054ff,18.5,1,95,1,0xE,0x40,0x54F
2025-12-04 09:37:38,Oregon-THN132N,555555559995a5a6aa6a55666aaa696aaa955aa566,ec401f510910e3c5,18.8,1,95,1,0xE,0x40,0xE3C
2025-12-04 09:38:17,Oregon-THN132N,555555559995a5a6aa6a55666a9a696aaaaaa69a55,ec401f512910042f,19.0,1,95,1,0xE,0x40,0x42
2025-12-04 09:38:56,Oregon-THN132N,555555559995a5a6aa6a55666aa6696aaa9aa656aa,ec401f5149102470,19.2,1,95,1,0xE,0x40,0x247
2025-12-04 09:39:35,Oregon-THN132N,555555559995a5a6aa6a55666a66696aaa5aa6aa66,ec401f5159103405,19.4,1,95,1,0xE,0x40,0x340
2025-12-04 09:40:14,Oregon-THN132N,555555559995a5a6aa6a55666a96696aaaa6a66999,ec401f516910449a,19.5,1,95,1,0xE,0x40,0x449
2025-12-04 09:40:53,Oregon-THN132N,555555559995a5a6aa6a55666aa9696aaa96a69995,ec401f51891064ae,19.6,1,95,1,0xE,0x40,0x64A
2025-12-04 09:41:32,Oregon-THN132N,555555559995a5a6aa6a55666a69696aaa56a66559,ec401f51991074db,19.8,1,95,1,0xE,0x40,0x74D
2025-12-04 09:42:11,Oregon-THN132N,555555559995a5a6aa6a55666aaaaa9aaa965a6a56,ec401f5100206317,19.9,1,95,1,0xE,0x40,0x631
2025-12-04 09:43:29,Oregon-THN132N,555555559995a5a6aa6a55666a6aaa9aaa565a969a,ec401f5110207362,20.0,1,95,1,0xE,0x40,0x736
2025-12-04 09:44:08,Oregon-THN132N,555555559995a5a6aa6a55666a9aaa9aaaa95a5565,ec401f51202083fd,20.1,1,95,1,0xE,0x40,0x83F
2025-12-04 09:45:26,Oregon-THN132N,555555559995a5a6aa6a55666a5aaa9aaa695aa9a9,ec401f5130209388,20.2,1,95,1,0xE,0x40,0x938
2025-12-04 09:46:05,Oregon-THN132N,555555559995a5a6aa6a55666aa6aa9aaa995a999a,ec401f514020a3a2,20.3,1,95,1,0xE,0x40,0xA3A
2025-12-04 09:46:44,Oregon-THN132N,555555559995a5a6aa6a55666a66aa9aaa595a6556,ec401f515020b3d7,20.4,1,95,1,0xE,0x40,0xB3D
2025-12-04 09:48:02,Oregon-THN132N,555555559995a5a6aa6a55666a96aa9aaaa55aa6a9,ec401f516020c348,20.5,1,95,1,0xE,0x40,0xC34
2025-12-04 09:48:41,Oregon-THN132N,555555559995a5a6aa6a55666a56aa9aaa655a5a65,ec401f517020d33d,20.6,1,95,1,0xE,0x40,0xD33
2025-12-04 09:49:20,Oregon-THN132N,555555559995a5a6aa6a55666aa9aa9aaa955a56a5,ec401f518020e37c,20.7,1,95,1,0xE,0x40,0xE37
2025-12-04 09:49:59,Oregon-THN132N,555555559995a5a6aa6a55666a69aa9aaa555aaa69,ec401f519020f309,20.8,1,95,1,0xE,0x40,0xF30
2025-12-04 09:50:38,Oregon-THN132N,555555559995a5a6aa6a55666aaa6a9aaa565aa696,ec401f5101207346,20.9,1,95,1,0xE,0x40,0x734
2025-12-04 09:51:17,Oregon-THN132N,555555559995a5a6aa6a55666a6a6a9aaaa95a5a5a,ec401f5111208333,21.0,1,95,1,0xE,0x40,0x833
2025-12-04 09:52:35,Oregon-THN132N,555555559995a5a6aa6a55666a9a6a9aaa695a99a5,ec401f51212093ac,21.1,1,95,1,0xE,0x40,0x93A
2025-12-04 09:53:14,Oregon-THN132N,555555559995a5a6aa6a55666a5a6a9aaa995a6569,ec401f513120a3d9,21.2,1,95,1,0xE,0x40,0xA3D
2025-12-04 09:53:53,Oregon-THN132N,555555559995a5a6aa6a55666aa66a9aaa595a555a,ec401f514120b3f3,21.3,1,95,1,0xE,0x40,0xB3F
2025-12-04 09:55:11,Oregon-THN132N,555555559995a5a6aa6a55666a666a9aaaa55aa996,ec401f515120c386,21.4,1,95,1,0xE,0x40,0xC38
2025-12-04 09:56:29,Oregon-THN132N,555555559995a5a6aa6a55666a966a9aaa655a6a69,ec401f516120d319,21.5,1,95,1,0xE,0x40,0xD31
2025-12-04 09:57:08,Oregon-THN132N,555555559995a5a6aa6a55666a566a9aaa955a96a5,ec401f517120e36c,21.6,1,95,1,0xE,0x40,0xE36
2025-12-04 09:58:26,Oregon-THN132N,555555559995a5a6aa6a55666aa96a9aaa555a9a65,ec401f518120f32d,21.7,1,95,1,0xE,0x40,0xF32
2025-12-04 09:59:44,Oregon-THN132N,555555559995a5a6aa6a55666a696a9aaaaaa666a9,ec401f5191200458,21.8,1,95,1,0xE,0x40,0x45
2025-12-04 10:00:23,Oregon-THN132N,555555559995a5a6aa6a55666aaa9a9aaaa95a5966,ec401f51022083b5,21.9,1,95,1,0xE,0x40,0x83B
2025-12-04 10:01:41,Oregon-THN132N,555555559995a5a6aa6a55666a6a9a9aaa695aa5aa,ec401f51122093c0,22.0,1,95,1,0xE,0x40,0x93C
2025-12-04 10:02:20,Oregon-THN132N,555555559995a5a6aa6a55666a9a9a9aaa995a6655,ec401f512220a35f,22.1,1,95,1,0xE,0x40,0xA35
2025-12-04 10:02:59,Oregon-THN132N,555555559995a5a6aa6a55666a5a9a9aaa595a9a99,ec401f513220b32a,22.2,1,95,1,0xE,0x40,0xB32
2025-12-04 10:04:17,Oregon-THN132N,555555559995a5a6aa6a55666aa69a9aaaa55aaaaa,ec401f514220c300,22.3,1,95,1,0xE,0x40,0xC30
2025-12-04 10:04:56,Oregon-THN132N,555555559995a5a6aa6a55666a669a9aaa655a5666,ec401f515220d375,22.4,1,95,1,0xE,0x40,0xD37
2025-12-04 10:06:14,Oregon-THN132N,555555559995a5a6aa6a55666a969a9aaa955a9599,ec401f516220e3ea,22.5,1,95,1,0xE,0x40,0xE3E
2025-12-04 10:07:32,Oregon-THN132N,555555559995a5a6aa6a55666a569a9aaa555a6955,ec401f517220f39f,22.6,1,95,1,0xE,0x40,0xF39
2025-12-04 10:08:11,Oregon-THN132N,555555559995a5a6aa6a55666aa99a9aaaaaa66595,ec401f51822004de,22.7,1,95,1,0xE,0x40,0x4D
2025-12-04 10:09:29,Oregon-THN132N,555555559995a5a6aa6a55666a699a9aaa6aa69959,ec401f51922014ab,22.8,1,95,1,0xE,0x40,0x14A
2025-12-04 10:10:47,Oregon-THN132N,555555559995a5a6aa6a55666aaa5a9aaa695a95a6,ec401f51032093e4,22.9,1,95,1,0xE,0x40,0x93E
2025-12-04 10:13:23,Oregon-THN132N,555555559995a5a6aa6a55666a6a5a9aaa995a696a,ec401f511320a391,23.0,1,95,1,0xE,0x40,0xA39
2025-12-04 10:14:41,Oregon-THN132N,555555559995a5a6aa6a55666a5a5a9aaaa55a5659,ec401f513320c37b,23.1,1,95,1,0xE,0x40,0xC37
2025-12-04 10:15:20,Oregon-THN132N,555555559995a5a6aa6a55666aa65a9aaa655a666a,ec401f514320d351,23.3,1,95,1,0xE,0x40,0xD35
2025-12-04 10:16:00,Oregon-THN132N,555555559995a5a6aa6a55666a665a9aaa955a9aa6,ec401f515320e324,23.4,1,95,1,0xE,0x40,0xE32
2025-12-04 10:16:38,Oregon-THN132N,555555559995a5a6aa6a55666a965a9aaa555a5959,ec401f516320f3bb,23.5,1,95,1,0xE,0x40,0xF3B
2025-12-04 10:18:35,Oregon-THN132N,555555559995a5a6aa6a55666a695a9aaa9aa65599,ec401f51932024fa,23.6,1,95,1,0xE,0x40,0x24F
2025-12-04 10:19:15,Oregon-THN132N,555555559995a5a6aa6a55666a6aa69aaa595a9a56,ec401f511420b327,23.9,1,95,1,0xE,0x40,0xB32
2025-12-04 10:20:08,Oregon-THN132N,555555559995a5a6aa6aa959a9a95a9aaa56a69aa5,ec4018b88320742c,23.9,1,95,1,0xE,0x40,0x742
2025-12-04 10:20:47,Oregon-THN132N,555555559995a5a6aa6aa959a9a65a9aaa5aa6559a,ec4018b8432034f2,23.8,1,184,1,0xE,0x40,0x34F
2025-12-04 10:21:26,Oregon-THN132N,555555559995a5a6aa6aa959a9a99a9aaa96a65665,ec4018b88220647d,23.4,1,184,1,0xE,0x40,0x647
2025-12-04 10:22:04,Oregon-THN132N,555555559995a5a6aa6aa959a9aa9a9aaa955a6a96,ec4018b80220e316,22.8,1,184,1,0xE,0x40,0xE31
2025-12-04 10:22:44,Oregon-THN132N,555555559995a5a6aa6aa959a9a66a9aaa6aa666aa,ec4018b841201450,22.0,1,184,1,0xE,0x40,0x145
2025-12-04 10:23:23,Oregon-THN132N,555555559995a5a6aa6aa959a996aa9aaa9aa69559,ec4018b8602024eb,21.4,1,184,1,0xE,0x40,0x24E
2025-12-04 10:24:02,Oregon-THN132N,555555559995a5a6aa6aa959a969696aaa65a656a9,ec4018b89910d478,20.6,1,184,1,0xE,0x40,0xD47
2025-12-04 10:24:41,Oregon-THN132N,555555559995a5a6aa6aa959a95a696aaa56a65569,ec4018b8391074f9,19.9,1,184,1,0xE,0x40,0x74F
2025-12-04 10:25:20,Oregon-THN132N,555555559995a5a6aa6aa959a9a9a96aaa59a666a5,ec4018b88810b45c,19.3,1,184,1,0xE,0x40,0xB45
2025-12-04 10:25:59,Oregon-THN132N,555555559995a5a6aa6aa959a95aa96aaa96a699a9,ec4018b8381064a8,18.8,1,184,1,0xE,0x40,0x64A
2025-12-04 10:26:38,Oregon-THN132N,555555559995a5a6aa6aa959a9a9566aaa99a696aa,ec4018b88710a460,18.3,1,184,1,0xE,0x40,0xA46
2025-12-04 10:27:17,Oregon-THN132N,555555559995a5a6aa6aa959a9a6566aaa96a65995,ec4018b8471064be,17.8,1,184,1,0xE,0x40,0x64B
2025-12-04 10:27:56,Oregon-THN132N,555555559995a5a6aa6aa959a99a566aaaa6a6956a,ec4018b8271044e1,17.4,1,184,1,0xE,0x40,0x44E
2025-12-04 10:28:35,Oregon-THN132N,555555559995a5a6aa6aa959a969966aaa99a6a6a6,ec4018b89610a444,17.2,1,184,1,0xE,0x40,0xA44
2025-12-04 10:29:14,Oregon-THN132N,555555559995a5a6aa6aa959a996966aaa56a6aa66,ec4018b866107405,16.9,1,184,1,0xE,0x40,0x740
2025-12-04 10:29:53,Oregon-THN132N,555555559995a5a6aa6aa959a9a6966aaa66a69555,ec4018b8461054ef,16.6,1,184,1,0xE,0x40,0x54E
2025-12-04 10:30:32,Oregon-THN132N,555555559995a5a6aa6aa959a95a966aaaa6a6a566,ec4018b8361044c5,16.4,1,184,1,0xE,0x40,0x44C
2025-12-04 10:31:11,Oregon-THN132N,555555559995a5a6aa6aa959a9aa966aaa6aa66699,ec4018b80610145a,16.3,1,184,1,0xE,0x40,0x145
2025-12-04 10:31:50,Oregon-THN132N,555555559995a5a6aa6aa959a969666aaa69a65956,ec4018b8951094b7,16.0,1,184,1,0xE,0x40,0x94B
2025-12-04 10:32:29,Oregon-THN132N,555555559995a5a6aa6aa959a956666aaa56a6a95a,ec4018b875107483,15.9,1,184,1,0xE,0x40,0x748
2025-12-04 10:33:08,Oregon-THN132N,555555559995a5a6aa6aa959a966666aaa66a69669,ec4018b855105469,15.7,1,184,1,0xE,0x40,0x546
2025-12-04 10:33:47,Oregon-THN132N,555555559995a5a6aa6aa959a95a666aaa5aa65a96,ec4018b835103436,15.5,1,184,1,0xE,0x40,0x343
2025-12-04 10:34:26,Oregon-THN132N,555555559995a5a6aa6aa959a9aa666aaaaaa69969,ec4018b8051004a9,15.3,1,184,1,0xE,0x40,0x4A
2025-12-04 10:35:05,Oregon-THN132N,555555559995a5a6aa6aa959a969a66aaaa9a69596,ec4018b8941084e6,15.0,1,184,1,0xE,0x40,0x84E
2025-12-04 10:35:44,Oregon-THN132N,555555559995a5a6aa6aa959a956a66aaa96a6659a,ec4018b8741064d2,14.9,1,184,1,0xE,0x40,0x64D
2025-12-04 10:37:02,Oregon-THN132N,555555559995a5a6aa6aa959a966a66aaaa6a65aa9,ec4018b854104438,14.7,1,184,1,0xE,0x40,0x443
2025-12-04 10:38:20,Oregon-THN132N,555555559995a5a6aa6aa959a9a6a66aaa5aa6a665,ec4018b84410344d,14.5,1,184,1,0xE,0x40,0x344
2025-12-04 10:38:59,Oregon-THN132N,555555559995a5a6aa6aa959a95aa66aaa9aa69656,ec4018b834102467,14.4,1,184,1,0xE,0x40,0x246
2025-12-04 10:40:17,Oregon-THN132N,555555559995a5a6aa6aa959a99aa66aaa6aa66a9a,ec4018b824101412,14.3,1,184,1,0xE,0x40,0x141
2025-12-04 10:40:56,Oregon-THN132N,555555559995a5a6aa6aa959a96aa66aaaaaa6a965,ec4018b81410048d,14.2,1,184,1,0xE,0x40,0x48
2025-12-04 10:42:14,Oregon-THN132N,555555559995a5a6aa6aa959a9aaa66aaa555a55a9,ec4018b80410f3f8,14.1,1,184,1,0xE,0x40,0xF3F
2025-12-04 10:42:53,Oregon-THN132N,555555559995a5a6aa6aa959a9695a6aaa56a666aa,ec4018b893107450,14.0,1,184,1,0xE,0x40,0x745
2025-12-04 10:43:32,Oregon-THN132N,555555559995a5a6aa6aa959a9a95a6aaa96a69a66,ec4018b883106425,13.9,1,184,1,0xE,0x40,0x642
2025-12-04 10:44:11,Oregon-THN132N,555555559995a5a6aa6aa959a9565a6aaa66a696a6,ec4018b873105464,13.8,1,184,1,0xE,0x40,0x546
2025-12-04 10:45:29,Oregon-THN132N,555555559995a5a6aa6aa959a9965a6aaaa6a66a6a,ec4018b863104411,13.7,1,184,1,0xE,0x40,0x441
2025-12-04 10:46:47,Oregon-THN132N,555555559995a5a6aa6aa959a9665a6aaa5aa6a995,ec4018b85310348e,13.6,1,184,1,0xE,0x40,0x348
2025-12-04 10:48:05,Oregon-THN132N,555555559995a5a6aa6aa959a9a65a6aaa9aa65559,ec4018b8431024fb,13.5,1,184,1,0xE,0x40,0x24F
2025-12-04 10:50:02,Oregon-THN132N,555555559995a5a6aa6aa959a95a5a6aaa6aa6656a,ec4018b8331014d1,13.4,1,184,1,0xE,0x40,0x14D
2025-12-04 10:50:41,Oregon-THN132N,555555559995a5a6aa6aa9599a9a5a6aaa995a65a5,ec4018b22310a3dc,13.3,1,184,1,0xE,0x40,0xA3D
2025-12-04 10:53:56,Oregon-THN132N,555555559995a5a6aa6aa9599aaa5a6aaaa95a5a96,ec4018b203108336,13.2,1,184,1,0xE,0x40,0x833
2025-12-04 10:55:14,Oregon-THN132N,555555559995a5a6aa6aa9599a699a6aaaaaa65669,ec4018b292100479,13.0,1,184,1,0xE,0x40,0x47
2025-12-04 10:58:29,Oregon-THN132N,555555559995a5a6aa6aa9599aa99a6aaa555aaaa5,ec4018b28210f30c,12.9,1,184,1,0xE,0x40,0xF30
2025-12-04 11:01:05,Oregon-THN132N,555555559995a5a6aa6aa9599a569a6aaa955aa665,ec4018b27210e34d,12.8,1,184,1,0xE,0x40,0xE34
2025-12-04 11:03:02,Oregon-THN132N,555555559995a5a6aa6aa9599a969a6aaa655a5aa9,ec4018b26210d338,12.7,1,184,1,0xE,0x40,0xD33
2025-12-04 11:08:54,Oregon-THN132N,555555559995a5a6aa6aa9599a669a6aaaa55a9956,ec4018b25210c3a7,12.6,1,184,1,0xE,0x40,0xC3A
2025-12-04 11:12:09,Oregon-THN132N,555555559995a5a6aa6aa9599aa69a6aaa595a659a,ec4018b24210b3d2,12.5,1,184,1,0xE,0x40,0xB3D
2025-12-04 11:17:06,Oregon-THN132N,555555559995a5a6aa6a5959a9669a6aaa66a66555,ec401bb8521054df,12.4,1,184,1,0xE,0x40,0x54D
2025-12-04 11:17:45,Oregon-THN132N,555555559995a5a6aa6a5959a9699a6aaa69a6aa6a,ec401bb892109401,12.5,1,187,1,0xE,0x40,0x940
2025-12-04 11:18:24,Oregon-THN132N,555555559995a5a6aa6a5959a95a5a6aaaa6a6656a,ec401bb8331044d1,12.9,1,187,1,0xE,0x40,0x44D
2025-12-04 11:19:03,Oregon-THN132N,555555559995a5a6aa6a5959a9565a6aaaa9a696a6,ec401bb873108464,13.3,1,187,1,0xE,0x40,0x846
2025-12-04 11:19:42,Oregon-THN132N,555555559995a5a6aa6a5959a9695a6aaa99a666aa,ec401bb89310a450,13.7,1,187,1,0xE,0x40,0xA45
2025-12-04 11:20:21,Oregon-THN132N,555555559995a5a6aa6a5959a99aa66aaaa6a66a9a,ec401bb824104412,13.9,1,187,1,0xE,0x40,0x441
2025-12-04 11:21:00,Oregon-THN132N,555555559995a5a6aa6a5959a9a6a66aaa96a6a665,ec401bb84410644d,14.2,1,187,1,0xE,0x40,0x644
2025-12-04 11:21:39,Oregon-THN132N,555555559995a5a6aa6a5959a996a66aaaa9a69956,ec401bb8641084a7,14.4,1,187,1,0xE,0x40,0x84A
2025-12-04 11:22:18,Oregon-THN132N,555555559995a5a6aa6a5959a956a66aaa69a6659a,ec401bb8741094d2,14.6,1,187,1,0xE,0x40,0x94D
2025-12-04 11:22:57,Oregon-THN132N,555555559995a5a6aa6a5959a969a66aaa59a69596,ec401bb89410b4e6,14.7,1,187,1,0xE,0x40,0xB4E
2025-12-04 11:23:36,Oregon-THN132N,555555559995a5a6aa6a5959a9aa666aaa5aa69969,ec401bb8051034a9,14.9,1,187,1,0xE,0x40,0x34A
2025-12-04 11:24:15,Oregon-THN132N,555555559995a5a6aa6a5959a96a666aaaa6a665a5,ec401bb8151044dc,15.0,1,187,1,0xE,0x40,0x44D
2025-12-04 11:24:54,Oregon-THN132N,555555559995a5a6aa6a5959a95a666aaa96a65a96,ec401bb835106436,15.1,1,187,1,0xE,0x40,0x643
2025-12-04 11:26:12,Oregon-THN132N,555555559995a5a6aa6a5959a966666aaaa9a69669,ec401bb855108469,15.3,1,187,1,0xE,0x40,0x846
2025-12-04 11:27:30,Oregon-THN132N,555555559995a5a6aa6a5959a996666aaa69a65596,ec401bb8651094f6,15.5,1,187,1,0xE,0x40,0x94F
2025-12-04 11:28:48,Oregon-THN132N,555555559995a5a6aa6a5959a956666aaa99a6a95a,ec401bb87510a483,15.6,1,187,1,0xE,0x40,0xA48
2025-12-04 11:29:27,Oregon-THN132N,555555559995a5a6aa6a5959a9a9666aaa59a6a59a,ec401bb88510b4c2,15.7,1,187,1,0xE,0x40,0xB4C
2025-12-04 11:30:45,Oregon-THN132N,555555559995a5a6aa6a5959a969666aaaa5a65956,ec401bb89510c4b7,15.8,1,187,1,0xE,0x40,0xC4B
2025-12-04 11:32:03,Oregon-THN132N,555555559995a5a6aa6a5959a9aa966aaaa6a66699,ec401bb80610445a,15.9,1,187,1,0xE,0x40,0x445
2025-12-04 11:34:00,Oregon-THN132N,555555559995a5a6aa6a5959a96a966aaa66a69a55,ec401bb81610542f,16.0,1,187,1,0xE,0x40,0x542
2025-12-04 11:35:57,Oregon-THN132N,555555559995a5a6aa6a5959a99a966aaa96a659aa,ec401bb8261064b0,16.1,1,187,1,0xE,0x40,0x64B
2025-12-04 11:38:33,Oregon-THN132N,555555559995a5a6aa6a5959a95a966aaa56a6a566,ec401bb8361074c5,16.2,1,187,1,0xE,0x40,0x74C
2025-12-04 11:40:30,Oregon-THN132N,555555559995a5a6aa6a5959a9a6966aaaa9a69555,ec401bb8461084ef,16.3,1,187,1,0xE,0x40,0x84E
2025-12-04 11:43:45,Oregon-THN132N,555555559995a5a6aa6a5959a966966aaa69a66999,ec401bb85610949a,16.4,1,187,1,0xE,0x40,0x949
2025-12-04 11:45:42,Oregon-THN132N,555555559995a5a6aa6a5959a969966aaa65a6a6a6,ec401bb89610d444,16.5,1,187,1,0xE,0x40,0xD44
2025-12-04 11:46:21,Oregon-THN132N,555555559995a5a6aa6a5959a956566aaaa5a69a6a,ec401bb87710c421,16.9,1,187,1,0xE,0x40,0xC42
2025-12-04 11:47:00,Oregon-THN132N,555555559995a5a6aa6a5959a99aa96aaaa9a66565,ec401bb8281084dd,17.7,1,187,1,0xE,0x40,0x84D
2025-12-04 11:47:39,Oregon-THN132N,555555559995a5a6aa6a59596a56a96aaa96a65995,ec401bb1781064be,18.2,1,187,1,0xE,0x40,0x64B
2025-12-04 11:48:18,Oregon-THN132N,555555559995a5a6aa6a59596a96696aaa96a66999,ec401bb16910649a,18.7,1,187,1,0xE,0x40,0x649
2025-12-04 11:48:57,Oregon-THN132N,555555559995a5a6aa6a59596a6aaa9aaa695a969a,ec401bb110209362,19.6,1,187,1,0xE,0x40,0x936
2025-12-04 11:49:36,Oregon-THN132N,555555559995a5a6aa6a59596aa6aa9aaaa55a999a,ec401bb14020c3a2,20.1,1,187,1,0xE,0x40,0xC3A
2025-12-04 11:50:15,Oregon-THN132N,555555559995a5a6aa6a59596a56aa9aaa555a5a65,ec401bb17020f33d,20.4,1,187,1,0xE,0x40,0xF33
2025-12-04 11:50:54,Oregon-THN132N,555555559995a5a6aa6a59596aaa6a9aaa695aa696,ec401bb101209346,20.7,1,187,1,0xE,0x40,0x934
2025-12-04 11:51:33,Oregon-THN132N,555555559995a5a6aa6a59596a5a6a9aaaa55a6569,ec401bb13120c3d9,21.0,1,187,1,0xE,0x40,0xC3D
2025-12-04 11:52:12,Oregon-THN132N,555555559995a5a6aa6a59596a966a9aaa555a6a69,ec401bb16120f319,21.3,1,187,1,0xE,0x40,0xF31
2025-12-04 11:52:51,Oregon-THN132N,555555559995a5a6aa6a59596aa96a9aaa6aa69a65,ec401bb18120142d,21.6,1,187,1,0xE,0x40,0x142
2025-12-04 11:53:30,Oregon-THN132N,555555559995a5a6aa6a59596aaa9a9aaa995a5966,ec401bb10220a3b5,21.8,1,187,1,0xE,0x40,0xA3B
2025-12-04 11:54:09,Oregon-THN132N,555555559995a5a6aa6a59596a9a9a9aaaa55a6655,ec401bb12220c35f,22.0,1,187,1,0xE,0x40,0xC35
2025-12-04 11:54:48,Oregon-THN132N,555555559995a5a6aa6a59596a669a9aaa555a5666,ec401bb15220f375,22.2,1,187,1,0xE,0x40,0xF37
2025-12-04 11:55:27,Oregon-THN132N,555555559995a5a6aa6a59596a569a9aaa6aa66955,ec401bb17220149f,22.5,1,187,1,0xE,0x40,0x149
2025-12-04 11:56:06,Oregon-THN132N,555555559995a5a6aa6a59596aa99a9aaa9aa66595,ec401bb1822024de,22.7,1,187,1,0xE,0x40,0x24D
2025-12-04 11:56:45,Oregon-THN132N,555555559995a5a6aa6a59596aaa5a9aaa595a95a6,ec401bb10320b3e4,22.8,1,187,1,0xE,0x40,0xB3E
2025-12-04 11:57:25,Oregon-THN132N,555555559995a5a6aa6a59596a9a5a9aaa655aaa95,ec401bb12320d30e,23.0,1,187,1,0xE,0x40,0xD30
2025-12-04 11:58:03,Oregon-THN132N,555555559995a5a6aa6a59596aa65a9aaa555a666a,ec401bb14320f351,23.2,1,187,1,0xE,0x40,0xF35
2025-12-04 11:58:42,Oregon-THN132N,555555559995a5a6aa6a59596a565a9aaa9aa6a595,ec401bb1732024ce,23.4,1,187,1,0xE,0x40,0x24C
2025-12-04 11:59:21,Oregon-THN132N,555555559995a5a6aa6a59596aa95a9aaa5aa6a955,ec401bb18320348f,23.7,1,187,1,0xE,0x40,0x348
2025-12-04 12:00:00,Oregon-THN132N,555555559995a5a6aa6a59596a695a9aaaa6a65599,ec401bb1932044fa,23.8,1,187,1,0xE,0x40,0x44F
2025-12-04 12:00:40,Oregon-THN132N,555555559995a5a6aa6a59596a9aa69aaa955a59a9,ec401bb12420e3b8,23.9,1,187,1,0xE,0x40,0xE3B
2025-12-04 12:01:18,Oregon-THN132N,555555559995a5a6aa6a59596a5aa69aaa555aa565,ec401bb13420f3cd,24.2,1,187,1,0xE,0x40,0xF3C
2025-12-04 12:01:57,Oregon-THN132N,555555559995a5a6aa6a59596a66a69aaa6aa6699a,ec401bb154201492,24.3,1,187,1,0xE,0x40,0x149
2025-12-04 12:02:36,Oregon-THN132N,555555559995a5a6aa6a59596a96a69aaa9aa6aa65,ec401bb16420240d,24.5,1,187,1,0xE,0x40,0x240
2025-12-04 12:03:15,Oregon-THN132N,555555559995a5a6aa6a59596a56a69aaa5aa656a9,ec401bb174203478,24.6,1,187,1,0xE,0x40,0x347
2025-12-04 12:03:55,Oregon-THN132N,555555559995a5a6aa6a59596a69a69aaa66a6a6a5,ec401bb19420544c,24.7,1,187,1,0xE,0x40,0x544
2025-12-04 12:04:33,Oregon-THN132N,555555559995a5a6aa6a59596aaa669aaa655aaa5a,ec401bb10520d303,24.9,1,187,1,0xE,0x40,0xD30
2025-12-04 12:05:12,Oregon-THN132N,555555559995a5a6aa6a59596a6a669aaa955a5696,ec401bb11520e376,25.0,1,187,1,0xE,0x40,0xE37
2025-12-04 12:05:33,Oregon-THN132N,555555559995a5a6aa6aa556a99a669aaa5aa6a699,ec401c782520344a,25.1,1,187,1,0xE,0x40,0x344
2025-12-04 12:06:11,Oregon-THN132N,555555559995a5a6aa6aa556a969a69aaa69a69555,ec401c78942094ef,25.2,1,124,1,0xE,0x40,0x94E
2025-12-04 12:06:51,Oregon-THN132N,555555559995a5a6aa6aa556a966a69aaa66a65a6a,ec401c7854205431,24.9,1,124,1,0xE,0x40,0x543
2025-12-04 12:07:30,Oregon-THN132N,555555559995a5a6aa6aa556a96aa69aaa6aa6a9a6,ec401c7814201484,24.1,1,124,1,0xE,0x40,0x148
2025-12-04 12:08:08,Oregon-THN132N,555555559995a5a6aa6aa556a9565a9aaa96a69665,ec401c787320646d,24.1,1,124,1,0xE,0x40,0x646
2025-12-04 12:08:48,Oregon-THN132N,555555559995a5a6aa6aa556a95a5a9aaa9aa665a9,ec401c78332024d8,23.7,1,124,1,0xE,0x40,0x24D
2025-12-04 12:09:26,Oregon-THN132N,555555559995a5a6aa6aa556a9699a9aaa56a6aaa9,ec401c7892207408,23.3,1,124,1,0xE,0x40,0x740
2025-12-04 12:10:06,Oregon-THN132N,555555559995a5a6aa6aa556a9969a9aaaa6a6a669,ec401c7862204449,22.9,1,124,1,0xE,0x40,0x444
2025-12-04 12:10:45,Oregon-THN132N,555555559995a5a6aa6aa556a95a9a9aaa6aa6a969,ec401c7832201489,22.6,1,124,1,0xE,0x40,0x148
2025-12-04 12:11:23,Oregon-THN132N,555555559995a5a6aa6aa556a96a9a9aaa555a965a,ec401c781220f363,22.3,1,124,1,0xE,0x40,0xF36
2025-12-04 12:12:03,Oregon-THN132N,555555559995a5a6aa6aa556a9a96a9aaa66a6a995,ec401c788120548e,22.1,1,124,1,0xE,0x40,0x548
2025-12-04 12:12:42,Oregon-THN132N,555555559995a5a6aa6aa556a9966a9aaa5aa65999,ec401c78612034ba,21.8,1,124,1,0xE,0x40,0x34B
2025-12-04 12:13:21,Oregon-THN132N,555555559995a5a6aa6aa556a95a6a9aaaaaa65699,ec401c783120047a,21.6,1,124,1,0xE,0x40,0x47
2025-12-04 12:14:38,Oregon-THN132N,555555559995a5a6aa6aa556a969aa9aaa66a69999,ec401c78902054aa,21.3,1,124,1,0xE,0x40,0x54A
2025-12-04 12:15:18,Oregon-THN132N,555555559995a5a6aa6aa556a9a9aa9aaaa6a66555,ec401c78802044df,20.9,1,124,1,0xE,0x40,0x44D
2025-12-04 12:15:57,Oregon-THN132N,555555559995a5a6aa6aa556a996aa9aaa9aa69559,ec401c78602024eb,20.8,1,124,1,0xE,0x40,0x24E
2025-12-04 12:16:36,Oregon-THN132N,555555559995a5a6aa6aa556a966aa9aaa6aa656a6,ec401c7850201474,20.6,1,124,1,0xE,0x40,0x147
2025-12-04 12:17:15,Oregon-THN132N,555555559995a5a6aa6aa556a9a6aa9aaaaaa6aa6a,ec401c7840200401,20.5,1,124,1,0xE,0x40,0x40
2025-12-04 12:17:53,Oregon-THN132N,555555559995a5a6aa6aa556a99aaa9aaa955a6695,ec401c782020e35e,20.4,1,124,1,0xE,0x40,0xE35
2025-12-04 12:18:33,Oregon-THN132N,555555559995a5a6aa6aa556a96aaa9aaa655aa56a,ec401c781020d3c1,20.2,1,124,1,0xE,0x40,0xD3C
2025-12-04 12:19:12,Oregon-THN132N,555555559995a5a6aa6aa556a9aaaa9aaaa55a59a6,ec401c780020c3b4,20.1,1,124,1,0xE,0x40,0xC3B
2025-12-04 12:20:30,Oregon-THN132N,555555559995a5a6aa6aa556a9a9696aaaa5a6aa65,ec401c788910c40d,20.0,1,124,1,0xE,0x40,0xC40
2025-12-04 12:21:09,Oregon-THN132N,555555559995a5a6aa6aa556a956696aaa59a6a6a5,ec401c787910b44c,19.8,1,124,1,0xE,0x40,0xB44
2025-12-04 12:21:48,Oregon-THN132N,555555559995a5a6aa6aa556a996696aaa99a65a69,ec401c786910a439,19.7,1,124,1,0xE,0x40,0xA43
2025-12-04 12:22:27,Oregon-THN132N,555555559995a5a6aa6aa556a966696aaa69a69996,ec401c78591094a6,19.6,1,124,1,0xE,0x40,0x94A
2025-12-04 12:23:45,Oregon-THN132N,555555559995a5a6aa6aa556a9a6696aaaa9a6655a,ec401c78491084d3,19.5,1,124,1,0xE,0x40,0x84D
2025-12-04 12:24:24,Oregon-THN132N,555555559995a5a6aa6aa556a95a696aaa56a65569,ec401c78391074f9,19.4,1,124,1,0xE,0x40,0x74F
2025-12-04 12:25:03,Oregon-THN132N,555555559995a5a6aa6aa556a99a696aaa96a6a9a5,ec401c782910648c,19.3,1,124,1,0xE,0x40,0x648
2025-12-04 12:25:42,Oregon-THN132N,555555559995a5a6aa6aa556a96a696aaa66a66a5a,ec401c7819105413,19.2,1,124,1,0xE,0x40,0x541
2025-12-04 12:27:00,Oregon-THN132N,555555559995a5a6aa6aa556a9aa696aaaa6a69696,ec401c7809104466,19.1,1,124,1,0xE,0x40,0x446
2025-12-04 12:28:18,Oregon-THN132N,555555559995a5a6aa6aa556a969a96aaaa5a69a69,ec401c789810c429,19.0,1,124,1,0xE,0x40,0xC42
2025-12-04 12:29:36,Oregon-THN132N,555555559995a5a6aa6aa556a9a9a96aaa59a666a5,ec401c788810b45c,18.9,1,124,1,0xE,0x40,0xB45
2025-12-04 12:30:54,Oregon-THN132N,555555559995a5a6aa6aa556a956a96aaa99a66a65,ec401c787810a41d,18.8,1,124,1,0xE,0x40,0xA41
2025-12-04 12:32:51,Oregon-THN132N,555555559995a5a6aa6aa556a996a96aaa69a696a9,ec401c7868109468,18.7,1,124,1,0xE,0x40,0x946
2025-12-04 12:33:30,Oregon-THN132N,555555559995a5a6aa6aa556a966a96aaaa9a65556,ec401c78581084f7,18.6,1,124,1,0xE,0x40,0x84F
2025-12-04 12:34:09,Oregon-THN132N,555555559995a5a6aa6aa556a9a6a96aaa56a6a99a,ec401c7848107482,18.5,1,124,1,0xE,0x40,0x748
2025-12-04 12:36:06,Oregon-THN132N,555555559995a5a6aa6aa5569aa6a96aaa6aa65599,ec401c72481014fa,18.4,1,124,1,0xE,0x40,0x14F
2025-12-04 12:37:24,Oregon-THN132N,555555559995a5a6aa6aa5569a5aa96aaaaaa665aa,ec401c72381004d0,18.4,1,124,1,0xE,0x40,0x4D
2025-12-04 12:40:00,Oregon-THN132N,555555559995a5a6aa6aa5569a6aa96aaa955a5a99,ec401c721810e33a,18.3,1,124,1,0xE,0x40,0xE33
2025-12-04 12:40:39,Oregon-THN132N,555555559995a5a6aa6aa5569a56566aaa5aa66669,ec401c7277103459,18.1,1,124,1,0xE,0x40,0x345
2025-12-04 12:41:18,Oregon-THN132N,555555559995a5a6aa6aa5569a9a566aaa955a6969,ec401c722710e399,17.7,1,124,1,0xE,0x40,0xE39
2025-12-04 12:41:57,Oregon-THN132N,555555559995a5a6aa6aa5569a69966aaaa6a65aa5,ec401c729610443c,17.2,1,124,1,0xE,0x40,0x443
2025-12-04 12:42:36,Oregon-THN132N,555555559995a5a6aa6aa5569a96966aaa6aa65665,ec401c726610147d,16.9,1,124,1,0xE,0x40,0x147
2025-12-04 12:43:15,Oregon-THN132N,555555559995a5a6aa6aa5569a9a966aaa655aa5a9,ec401c722610d3c8,16.6,1,124,1,0xE,0x40,0xD3C
2025-12-04 12:43:54,Oregon-THN132N,555555559995a5a6aa6aa5569aaa966aaa595a9a9a,ec401c720610b322,16.2,1,124,1,0xE,0x40,0xB32
2025-12-04 12:44:33,Oregon-THN132N,555555559995a5a6aa6aa5569aa9666aaa9aa65999,ec401c72851024ba,16.0,1,124,1,0xE,0x40,0x24B
2025-12-04 12:45:12,Oregon-THN132N,555555559995a5a6aa6aa5569a66666aaa555a6a6a,ec401c725510f311,15.8,1,124,1,0xE,0x40,0xF31
2025-12-04 12:45:51,Oregon-THN132N,555555559995a5a6aa6aa5569aa6666aaa955a96a6,ec401c724510e364,15.5,1,124,1,0xE,0x40,0xE36
2025-12-04 12:46:30,Oregon-THN132N,555555559995a5a6aa6aa5569a9a666aaaa55a5a59,ec401c722510c33b,15.4,1,124,1,0xE,0x40,0xC33
2025-12-04 12:47:09,Oregon-THN132N,555555559995a5a6aa6aa5569a6a666aaa595a99a6,ec401c721510b3a4,15.2,1,124,1,0xE,0x40,0xB3A
2025-12-04 12:47:48,Oregon-THN132N,555555559995a5a6aa6aa5569a69a66aaa9aa66995,ec401c729410249e,15.1,1,124,1,0xE,0x40,0x249
2025-12-04 12:48:27,Oregon-THN132N,555555559995a5a6aa6aa5569aa9a66aaa6aa69559,ec401c72841014eb,14.9,1,124,1,0xE,0x40,0x14E
2025-12-04 12:49:06,Oregon-THN132N,555555559995a5a6aa6aa5569a96a66aaa555a6555,ec401c726410f3df,14.8,1,124,1,0xE,0x40,0xF3D
2025-12-04 12:49:45,Oregon-THN132N,555555559995a5a6aa6aa5569a66a66aaa955aa6aa,ec401c725410e340,14.6,1,124,1,0xE,0x40,0xE34
2025-12-04 12:50:24,Oregon-THN132N,555555559995a5a6aa6aa5569aa6a66aaa655a5a66,ec401c724410d335,14.5,1,124,1,0xE,0x40,0xD33
2025-12-04 12:51:03,Oregon-THN132N,555555559995a5a6aa6aa5569a5aa66aaaa55a6a55,ec401c723410c31f,14.4,1,124,1,0xE,0x40,0xC31
2025-12-04 12:51:42,Oregon-THN132N,555555559995a5a6aa6aa5569a9aa66aaa595a9699,ec401c722410b36a,14.3,1,124,1,0xE,0x40,0xB36
2025-12-04 12:52:21,Oregon-THN132N,555555559995a5a6aa6aa5569a6aa66aaa995a5566,ec401c721410a3f5,14.2,1,124,1,0xE,0x40,0xA3F
2025-12-04 12:53:00,Oregon-THN132N,555555559995a5a6aa6aa5569aaaa66aaa695aa9aa,ec401c7204109380,14.1,1,124,1,0xE,0x40,0x938
2025-12-04 12:53:39,Oregon-THN132N,555555559995a5a6aa6aa5569a695a6aaa6aa69aa9,ec401c7293101428,14.0,1,124,1,0xE,0x40,0x142
2025-12-04 12:54:57,Oregon-THN132N,555555559995a5a6aa6aa5569aa95a6aaaaaa66665,ec401c728310045d,13.9,1,124,1,0xE,0x40,0x45
2025-12-04 12:55:36,Oregon-THN132N,555555559995a5a6aa6aa5569a565a6aaa555a6aa5,ec401c727310f31c,13.8,1,124,1,0xE,0x40,0xF31
2025-12-04 12:56:54,Oregon-THN132N,555555559995a5a6aa6aa5569a965a6aaa955a9669,ec401c726310e369,13.7,1,124,1,0xE,0x40,0xE36
2025-12-04 12:58:51,Oregon-THN132N,555555559995a5a6aa6aa5569a665a6aaa655a5596,ec401c725310d3f6,13.6,1,124,1,0xE,0x40,0xD3F
2025-12-04 13:00:10,Oregon-THN132N,555555559995a5a6aa6aa5569aa65a6aaaa55aa95a,ec401c724310c383,13.5,1,124,1,0xE,0x40,0xC38
2025-12-04 13:02:06,Oregon-THN132N,555555559995a5a6aa6aa5569a5a5a6aaa595a9969,ec401c723310b3a9,13.4,1,124,1,0xE,0x40,0xB3A
2025-12-04 13:03:25,Oregon-THN132N,555555559995a5a6aa6aa5569a9a5a6aaa995a65a5,ec401c722310a3dc,13.3,1,124,1,0xE,0x40,0xA3D
2025-12-04 13:06:00,Oregon-THN132N,555555559995a5a6aa6aa5569a6a5a6aaa695aa65a,ec401c7213109343,13.2,1,124,1,0xE,0x40,0x934
2025-12-04 13:09:55,Oregon-THN132N,555555559995a5a6aa6aa5569aaa5a6aaaa95a5a96,ec401c7203108336,13.1,1,124,1,0xE,0x40,0x833
2025-12-04 13:12:30,Oregon-THN132N,555555559995a5a6aa6aa5569a699a6aaaaaa65669,ec401c7292100479,13.0,1,124,1,0xE,0x40,0x47
2025-12-04 13:15:06,Oregon-THN132N,555555559995a5a6aa6a6956a9aa5a6aaa595aa695,ec4019780310b34e,12.9,1,124,1,0xE,0x40,0xB34
2025-12-04 13:15:45,Oregon-THN132N,555555559995a5a6aa6a6956a9965a6aaa6aa66a6a,ec40197863101411,13.0,1,121,1,0xE,0x40,0x141
2025-12-04 13:16:24,Oregon-THN132N,555555559995a5a6aa6a6956a9695a6aaaa6a666aa,ec40197893104450,13.6,1,121,1,0xE,0x40,0x445
2025-12-04 13:17:03,Oregon-THN132N,555555559995a5a6aa6a6956a99aa66aaa955a6a9a,ec4019782410e312,13.9,1,121,1,0xE,0x40,0xE31
2025-12-04 13:17:42,Oregon-THN132N,555555559995a5a6aa6a6956a9a6a66aaaaaa6a665,ec4019784410044d,14.2,1,121,1,0xE,0x40,0x44
2025-12-04 13:18:21,Oregon-THN132N,555555559995a5a6aa6a6956a996a66aaa9aa69956,ec401978641024a7,14.4,1,121,1,0xE,0x40,0x24A
2025-12-04 13:19:00,Oregon-THN132N,555555559995a5a6aa6a6956a9a9a66aaaa6a6695a,ec40197884104493,14.6,1,121,1,0xE,0x40,0x449
2025-12-04 13:19:39,Oregon-THN132N,555555559995a5a6aa6a6956a969a66aaa66a69596,ec401978941054e6,14.8,1,121,1,0xE,0x40,0x54E
2025-12-04 13:20:18,Oregon-THN132N,555555559995a5a6aa6a6956a9aa666aaa655a9969,ec4019780510d3a9,14.9,1,121,1,0xE,0x40,0xD3A
2025-12-04 13:20:57,Oregon-THN132N,555555559995a5a6aa6a6956a99a666aaa555aa65a,ec4019782510f343,15.0,1,121,1,0xE,0x40,0xF34
2025-12-04 13:21:36,Oregon-THN132N,555555559995a5a6aa6a6956a95a666aaaaaa65a96,ec40197835100436,15.2,1,121,1,0xE,0x40,0x43
2025-12-04 13:22:15,Oregon-THN132N,555555559995a5a6aa6a6956a9a6666aaa6aa66aa5,ec4019784510141c,15.3,1,121,1,0xE,0x40,0x141
2025-12-04 13:23:33,Oregon-THN132N,555555559995a5a6aa6a6956a996666aaa5aa65596,ec401978651034f6,15.4,1,121,1,0xE,0x40,0x34F
2025-12-04 13:24:51,Oregon-THN132N,555555559995a5a6aa6a6956a956666aaaa6a6a95a,ec40197875104483,15.6,1,121,1,0xE,0x40,0x448
2025-12-04 13:25:30,Oregon-THN132N,555555559995a5a6aa6a6956a9a9666aaa66a6a59a,ec401978851054c2,15.7,1,121,1,0xE,0x40,0x54C
2025-12-04 13:26:48,Oregon-THN132N,555555559995a5a6aa6a6956a969666aaa96a65956,ec401978951064b7,15.8,1,121,1,0xE,0x40,0x64B
2025-12-04 13:28:06,Oregon-THN132N,555555559995a5a6aa6a6956a9aa966aaa955a6699,ec4019780610e35a,15.9,1,121,1,0xE,0x40,0xE35
2025-12-04 13:29:24,Oregon-THN132N,555555559995a5a6aa6a6956a96a966aaa555a9a55,ec4019781610f32f,16.0,1,121,1,0xE,0x40,0xF32
2025-12-04 13:31:21,Oregon-THN132N,555555559995a5a6aa6a6956a99a966aaaaaa659aa,ec401978261004b0,16.1,1,121,1,0xE,0x40,0x4B
2025-12-04 13:33:18,Oregon-THN132N,555555559995a5a6aa6a6956a95a966aaa6aa6a566,ec401978361014c5,16.2,1,121,1,0xE,0x40,0x14C
2025-12-04 13:33:57,Oregon-THN132N,555555559995a5a6aa6a6956a996966aaaa6a6aa66,ec40197866104405,16.3,1,121,1,0xE,0x40,0x440
2025-12-04 13:34:36,Oregon-THN132N,555555559995a5a6aa6a6956a9a9966aaa96a65a6a,ec40197886106431,16.6,1,121,1,0xE,0x40,0x643
2025-12-04 13:35:15,Oregon-THN132N,555555559995a5a6aa6a6956a9aa566aaa555aaa59,ec4019780710f30b,16.8,1,121,1,0xE,0x40,0xF30
2025-12-04 13:35:54,Oregon-THN132N,555555559995a5a6aa6a6956a99a566aaa6aa6956a,ec401978271014e1,17.0,1,121,1,0xE,0x40,0x14E
2025-12-04 13:36:33,Oregon-THN132N,555555559995a5a6aa6a6956a9a6566aaa5aa65995,ec401978471034be,17.2,1,121,1,0xE,0x40,0x34B
2025-12-04 13:37:13,Oregon-THN132N,555555559995a5a6aa6a6956a966566aaaa6a6a559,ec401978571044cb,17.4,1,121,1,0xE,0x40,0x44C
2025-12-04 13:37:51,Oregon-THN132N,555555559995a5a6aa6a6956a956566aaa96a69a6a,ec40197877106421,17.5,1,121,1,0xE,0x40,0x642
2025-12-04 13:38:30,Oregon-THN132N,555555559995a5a6aa6a6956a9a9566aaa56a696aa,ec40197887107460,17.7,1,121,1,0xE,0x40,0x746
2025-12-04 13:39:09,Oregon-THN132N,555555559995a5a6aa6a6956a9aaa96aaaaaa65a56,ec40197808100437,17.8,1,121,1,0xE,0x40,0x43
2025-12-04 13:39:48,Oregon-THN132N,555555559995a5a6aa6a6956a96aa96aaa6aa6a69a,ec40197818101442,18.0,1,121,1,0xE,0x40,0x144
2025-12-04 13:40:28,Oregon-THN132N,555555559995a5a6aa6a6956a95aa96aaa5aa699a9,ec401978381034a8,18.1,1,121,1,0xE,0x40,0x34A
2025-12-04 13:41:06,Oregon-THN132N,555555559995a5a6aa6a6956a9a6a96aaaa6a6a99a,ec40197848104482,18.3,1,121,1,0xE,0x40,0x448
2025-12-04 13:41:45,Oregon-THN132N,555555559995a5a6aa6a6956a966a96aaa66a65556,ec401978581054f7,18.4,1,121,1,0xE,0x40,0x54F
2025-12-04 13:42:24,Oregon-THN132N,555555559995a5a6aa6a6956a996a96aaa96a696a9,ec40197868106468,18.5,1,121,1,0xE,0x40,0x646
2025-12-04 13:43:03,Oregon-THN132N,555555559995a5a6aa6a6956a956a96aaa56a66a65,ec4019787810741d,18.6,1,121,1,0xE,0x40,0x741
2025-12-04 13:43:43,Oregon-THN132N,555555559995a5a6aa6a6956a9a9a96aaaa9a666a5,ec4019788810845c,18.7,1,121,1,0xE,0x40,0x845
2025-12-04 13:44:21,Oregon-THN132N,555555559995a5a6aa6a6956a969a96aaa69a69a69,ec40197898109429,18.8,1,121,1,0xE,0x40,0x942
2025-12-04 13:45:00,Oregon-THN132N,555555559995a5a6aa6a6956a9aa696aaa6aa69696,ec40197809101466,18.9,1,121,1,0xE,0x40,0x146
2025-12-04 13:45:40,Oregon-THN132N,555555559995a5a6aa6a69566a9a696aaaa55a9a55,ec4019712910c32f,19.0,1,121,1,0xE,0x40,0xC32
2025-12-04 13:46:18,Oregon-THN132N,555555559995a5a6aa6a69566a5a696aaa655a6699,ec4019713910d35a,19.2,1,121,1,0xE,0x40,0xD35
2025-12-04 13:46:58,Oregon-THN132N,555555559995a5a6aa6a69566aa6696aaa955a56aa,ec4019714910e370,19.3,1,121,1,0xE,0x40,0xE37
2025-12-04 13:47:36,Oregon-THN132N,555555559995a5a6aa6a69566a96696aaaaaa66999,ec4019716910049a,19.4,1,121,1,0xE,0x40,0x49
2025-12-04 13:48:15,Oregon-THN132N,555555559995a5a6aa6a69566a56696aaa6aa69555,ec401971791014ef,19.6,1,121,1,0xE,0x40,0x14E
2025-12-04 13:48:55,Oregon-THN132N,555555559995a5a6aa6a69566aa9696aaa9aa69995,ec401971891024ae,19.7,1,121,1,0xE,0x40,0x24A
2025-12-04 13:49:33,Oregon-THN132N,555555559995a5a6aa6a69566a69696aaa5aa66559,ec401971991034db,19.8,1,121,1,0xE,0x40,0x34D
2025-12-04 13:50:51,Oregon-THN132N,555555559995a5a6aa6a69566aaaaa9aaa9a5a6a56,ec40197100202317,19.9,1,121,1,0xE,0x40,0x231
2025-12-04 13:51:30,Oregon-THN132N,555555559995a5a6aa6a69566a6aaa9aaa5a5a969a,ec40197110203362,20.0,1,121,1,0xE,0x40,0x336
2025-12-04 13:52:10,Oregon-THN132N,555555559995a5a6aa6a69566a9aaa9aaaa65a5565,ec401971202043fd,20.1,1,121,1,0xE,0x40,0x43F
2025-12-04 13:52:48,Oregon-THN132N,555555559995a5a6aa6a69566a5aaa9aaa665aa9a9,ec40197130205388,20.2,1,121,1,0xE,0x40,0x538
2025-12-04 13:53:28,Oregon-THN132N,555555559995a5a6aa6a69566aa6aa9aaa965a999a,ec401971402063a2,20.3,1,121,1,0xE,0x40,0x63A
2025-12-04 13:54:07,Oregon-THN132N,555555559995a5a6aa6a69566a66aa9aaa565a6556,ec401971502073d7,20.4,1,121,1,0xE,0x40,0x73D
2025-12-04 13:54:45,Oregon-THN132N,555555559995a5a6aa6a69566a96aa9aaaa95aa6a9,ec40197160208348,20.5,1,121,1,0xE,0x40,0x834
2025-12-04 13:55:25,Oregon-THN132N,555555559995a5a6aa6a69566a56aa9aaa695a5a65,ec4019717020933d,20.6,1,121,1,0xE,0x40,0x933
2025-12-04 13:56:43,Oregon-THN132N,555555559995a5a6aa6a69566aa9aa9aaa995a56a5,ec4019718020a37c,20.7,1,121,1,0xE,0x40,0xA37
2025-12-04 13:58:40,Oregon-THN132N,555555559995a5a6aa6a69566a69aa9aaa595aaa69,ec4019719020b309,20.8,1,121,1,0xE,0x40,0xB30
2025-12-04 14:01:15,Oregon-THN132N,555555559995a5a6aa6a69566aaa6a9aaa5a5aa696,ec40197101203346,20.9,1,121,1,0xE,0x40,0x334
2025-12-04 14:01:55,Oregon-THN132N,555555559995a5a6aa6a69566a5a6a9aaa965a6569,ec401971312063d9,21.0,1,121,1,0xE,0x40,0x63D
2025-12-04 14:03:13,Oregon-THN132N,555555559995a5a6aa6a69566aa66a9aaa565a555a,ec401971412073f3,21.3,1,121,1,0xE,0x40,0x73F
2025-12-04 14:03:52,Oregon-THN132N,555555559995a5a6aa6a69566a966a9aaa695a6a69,ec40197161209319,21.4,1,121,1,0xE,0x40,0x931
2025-12-04 14:04:30,Oregon-THN132N,555555559995a5a6aa6a69566a566a9aaa995a96a5,ec4019717120a36c,21.6,1,121,1,0xE,0x40,0xA36
2025-12-04 14:05:10,Oregon-THN132N,555555559995a5a6aa6a69566a696a9aaaa55a66a9,ec4019719120c358,21.7,1,121,1,0xE,0x40,0xC35
2025-12-04 14:05:49,Oregon-THN132N,555555559995a5a6aa6a69566a6a9a9aaa665aa5aa,ec401971122053c0,21.9,1,121,1,0xE,0x40,0x53C
2025-12-04 14:06:28,Oregon-THN132N,555555559995a5a6aa6a69566a5a9a9aaa565a9a99,ec4019713220732a,22.1,1,121,1,0xE,0x40,0x732
2025-12-04 14:07:07,Oregon-THN132N,555555559995a5a6aa6a69566a669a9aaa695a5666,ec40197152209375,22.3,1,121,1,0xE,0x40,0x937
2025-12-04 14:07:46,Oregon-THN132N,555555559995a5a6aa6a69566a569a9aaa595a6955,ec4019717220b39f,22.5,1,121,1,0xE,0x40,0xB39
2025-12-04 14:08:25,Oregon-THN132N,555555559995a5a6aa6a69566a699a9aaa655a9959,ec4019719220d3ab,22.7,1,121,1,0xE,0x40,0xD3A
2025-12-04 14:09:04,Oregon-THN132N,555555559995a5a6aa6a69566a6a5a9aaa965a696a,ec40197113206391,22.9,1,121,1,0xE,0x40,0x639
2025-12-04 14:09:43,Oregon-THN132N,555555559995a5a6aa6a69566a9a5a9aaa565aaa95,ec4019712320730e,23.1,1,121,1,0xE,0x40,0x730
2025-12-04 14:11:01,Oregon-THN132N,555555559995a5a6aa6a69566a965a9aaa595a5959,ec4019716320b3bb,23.2,1,121,1,0xE,0x40,0xB3B
2025-12-04 14:11:40,Oregon-THN132N,555555559995a5a6aa6a69566a565a9aaaa55aa595,ec4019717320c3ce,23.6,1,121,1,0xE,0x40,0xC3C
2025-12-04 14:12:19,Oregon-THN132N,555555559995a5a6aa6a69566aa95a9aaa655aa955,ec4019718320d38f,23.7,1,121,1,0xE,0x40,0xD38
2025-12-04 14:12:58,Oregon-THN132N,555555559995a5a6aa6a69566aaaa69aaa965a669a,ec40197104206352,23.8,1,121,1,0xE,0x40,0x635
2025-12-04 14:13:37,Oregon-THN132N,555555559995a5a6aa6a69566a6aa69aaa565a9a56,ec40197114207327,24.0,1,121,1,0xE,0x40,0x732
2025-12-04 14:14:16,Oregon-THN132N,555555559995a5a6aa6a69566a5aa69aaa695aa565,ec401971342093cd,24.1,1,121,1,0xE,0x40,0x93C
2025-12-04 14:14:55,Oregon-THN132N,555555559995a5a6aa6a69566aa6a69aaa995a9556,ec4019714420a3e7,24.3,1,121,1,0xE,0x40,0xA3E
2025-12-04 14:15:34,Oregon-THN132N,555555559995a5a6aa6a69566a66a69aaa595a699a,ec4019715420b392,24.4,1,121,1,0xE,0x40,0xB39
2025-12-04 14:16:13,Oregon-THN132N,555555559995a5a6aa6a69566a96a69aaaa55aaa65,ec4019716420c30d,24.5,1,121,1,0xE,0x40,0xC30
2025-12-04 14:16:52,Oregon-THN132N,555555559995a5a6aa6a69566a56a69aaa655a56a9,ec4019717420d378,24.6,1,121,1,0xE,0x40,0xD37
2025-12-04 14:17:31,Oregon-THN132N,555555559995a5a6aa6a69566a69a69aaa555aa6a5,ec4019719420f34c,24.7,1,121,1,0xE,0x40,0xF34
2025-12-04 14:18:10,Oregon-THN132N,555555559995a5a6aa6a69566aaa669aaa565aaa5a,ec40197105207303,24.9,1,121,1,0xE,0x40,0x730
2025-12-04 14:18:49,Oregon-THN132N,555555559995a5a6aa6a69566a6a669aaaa95a5696,ec40197115208376,25.0,1,121,1,0xE,0x40,0x837
2025-12-04 14:19:28,Oregon-THN132N,555555559995a5a6aa6a69566a9a669aaa695a9569,ec401971252093e9,25.1,1,121,1,0xE,0x40,0x93E
2025-12-04 14:20:07,Oregon-THN132N,555555559995a5a6aa6a69566a5a669aaa995a69a5,ec4019713520a39c,25.2,1,121,1,0xE,0x40,0xA39
2025-12-04 14:20:46,Oregon-THN132N,555555559995a5a6aa6a69566aa6669aaa595a5996,ec4019714520b3b6,25.3,1,121,1,0xE,0x40,0xB3B
2025-12-04 14:21:25,Oregon-THN132N,555555559995a5a6aa6a69566a66669aaaa55aa55a,ec4019715520c3c3,25.4,1,121,1,0xE,0x40,0xC3C
2025-12-04 14:22:04,Oregon-THN132N,555555559995a5a6aa6a69566a96669aaa655a66a5,ec4019716520d35c,25.5,1,121,1,0xE,0x40,0xD35
2025-12-04 14:22:43,Oregon-THN132N,555555559995a5a6aa6a69566a56669aaa955a9a69,ec4019717520e329,25.6,1,121,1,0xE,0x40,0xE32
2025-12-04 14:23:22,Oregon-THN132N,555555559995a5a6aa6a69566aa9669aaa555a96a9,ec4019718520f368,25.7,1,121,1,0xE,0x40,0xF36
2025-12-04 14:24:01,Oregon-THN132N,555555559995a5a6aa6a69566a69669aaaaaa66a65,ec4019719520041d,25.8,1,121,1,0xE,0x40,0x41
2025-12-04 14:25:19,Oregon-THN132N,555555559995a5a6aa6a69566aaa969aaaa95a55aa,ec401971062083f0,25.9,1,121,1,0xE,0x40,0x83F
2025-12-04 14:25:58,Oregon-THN132N,555555559995a5a6aa6a69566a6a969aaa695aa966,ec40197116209385,26.0,1,121,1,0xE,0x40,0x938
2025-12-04 14:26:37,Oregon-THN132N,555555559995a5a6aa6a69566a9a969aaa995a6a99,ec4019712620a31a,26.1,1,121,1,0xE,0x40,0xA31
2025-12-04 14:27:16,Oregon-THN132N,555555559995a5a6aa6a69566a5a969aaa595a9655,ec4019713620b36f,26.2,1,121,1,0xE,0x40,0xB36
2025-12-04 14:27:55,Oregon-THN132N,555555559995a5a6aa6a69566aa6969aaaa55aa666,ec4019714620c345,26.3,1,121,1,0xE,0x40,0xC34
2025-12-04 14:28:49,Oregon-THN132N,555555559995a5a6aa6a5aa9a95a969aaa655aa5a5,ec4013883620d3cc,26.4,1,121,1,0xE,0x40,0xD3C
2025-12-04 14:29:28,Oregon-THN132N,555555559995a5a6aa6a5aa9a9a6669aaa655a6a66,ec4013884520d315,26.3,1,131,1,0xE,0x40,0xD31
2025-12-04 14:30:07,Oregon-THN132N,555555559995a5a6aa6a5aa9a95aa69aaa595a9695,ec4013883420b36e,25.4,1,131,1,0xE,0x40,0xB36
2025-12-04 14:30:46,Oregon-THN132N,555555559995a5a6aa6a5aa9a99a5a9aaa695a9965,ec401388232093ad,24.3,1,131,1,0xE,0x40,0x93A
2025-12-04 14:31:25,Oregon-THN132N,555555559995a5a6aa6a5aa9a99a9a9aaaa95a55a5,ec401388222083fc,23.2,1,131,1,0xE,0x40,0x83F
2025-12-04 14:32:04,Oregon-THN132N,555555559995a5a6aa6a5aa9a95a6a9aaaa95a5699,ec4013883120837a,22.2,1,131,1,0xE,0x40,0x837
2025-12-04 14:32:43,Oregon-THN132N,555555559995a5a6aa6a5aa9a966aa9aaa695a56a6,ec40138850209374,21.3,1,131,1,0xE,0x40,0x937
2025-12-04 14:33:22,Oregon-THN132N,555555559995a5a6aa6a5aa9a969696aaa66a656a9,ec40138899105478,20.5,1,131,1,0xE,0x40,0x547
2025-12-04 14:34:01,Oregon-THN132N,555555559995a5a6aa6a5aa9a95a696aaa555a5569,ec4013883910f3f9,19.9,1,131,1,0xE,0x40,0xF3F
2025-12-04 14:34:40,Oregon-THN132N,555555559995a5a6aa6a5aa9a9a9a96aaa5aa666a5,ec4013888810345c,19.3,1,131,1,0xE,0x40,0x345
2025-12-04 14:35:19,Oregon-THN132N,555555559995a5a6aa6a5aa9a9a6a96aaa555aa99a,ec4013884810f382,18.8,1,131,1,0xE,0x40,0xF38
2025-12-04 14:35:58,Oregon-THN132N,555555559995a5a6aa6a5aa9a9aaa96aaa595a5a56,ec4013880810b337,18.4,1,131,1,0xE,0x40,0xB33
2025-12-04 14:36:37,Oregon-THN132N,555555559995a5a6aa6a5aa9a996566aaaaaa666a6,ec40138867100454,18.0,1,131,1,0xE,0x40,0x45
2025-12-04 14:37:16,Oregon-THN132N,555555559995a5a6aa6a5aa9a95a566aaa655a69a6,ec4013883710d394,17.6,1,131,1,0xE,0x40,0xD39
2025-12-04 14:37:55,Oregon-THN132N,555555559995a5a6aa6a5aa9a9aa566aaa995aaa59,ec4013880710a30b,17.3,1,131,1,0xE,0x40,0xA30
2025-12-04 14:38:34,Oregon-THN132N,555555559995a5a6aa6a5aa9a956966aaaaaa656aa,ec40138876100470,17.0,1,131,1,0xE,0x40,0x47
2025-12-04 14:39:13,Oregon-THN132N,555555559995a5a6aa6a5aa9a9a6966aaa655a9555,ec4013884610d3ef,16.7,1,131,1,0xE,0x40,0xD3E
2025-12-04 14:39:52,Oregon-THN132N,555555559995a5a6aa6a5aa9a96a966aaa995a9a55,ec4013881610a32f,16.4,1,131,1,0xE,0x40,0xA32
2025-12-04 14:40:31,Oregon-THN132N,555555559995a5a6aa6a5aa9a969666aaa6aa65956,ec401388951014b7,16.1,1,131,1,0xE,0x40,0x14B
2025-12-04 14:41:10,Oregon-THN132N,555555559995a5a6aa6a5aa9a996666aaa955a5596,ec4013886510e3f6,15.9,1,131,1,0xE,0x40,0xE3F
2025-12-04 14:41:49,Oregon-THN132N,555555559995a5a6aa6a5aa9a9a6666aaaa55a6aa5,ec4013884510c31c,15.6,1,131,1,0xE,0x40,0xC31
2025-12-04 14:42:28,Oregon-THN132N,555555559995a5a6aa6a5aa9a95a666aaa595a5a96,ec4013883510b336,15.4,1,131,1,0xE,0x40,0xB33
2025-12-04 14:43:07,Oregon-THN132N,555555559995a5a6aa6a5aa9a96a666aaa695a65a5,ec401388151093dc,15.3,1,131,1,0xE,0x40,0x93D
2025-12-04 14:43:46,Oregon-THN132N,555555559995a5a6aa6a5aa9a969a66aaaaaa69596,ec401388941004e6,15.1,1,131,1,0xE,0x40,0x4E
2025-12-04 14:44:25,Oregon-THN132N,555555559995a5a6aa6a5aa9a9a9a66aaa555a695a,ec4013888410f393,14.9,1,131,1,0xE,0x40,0xF39
2025-12-04 14:45:04,Oregon-THN132N,555555559995a5a6aa6a5aa9a956a66aaa955a659a,ec4013887410e3d2,14.8,1,131,1,0xE,0x40,0xE3D
2025-12-04 14:45:44,Oregon-THN132N,555555559995a5a6aa6a5aa9a996a66aaa655a9956,ec4013886410d3a7,14.7,1,131,1,0xE,0x40,0xD3A
2025-12-04 14:46:22,Oregon-THN132N,555555559995a5a6aa6a5aa9a9a6a66aaa595aa665,ec4013884410b34d,14.6,1,131,1,0xE,0x40,0xB34
2025-12-04 14:47:02,Oregon-THN132N,555555559995a5a6aa6a5aa9a95aa66aaa995a9656,ec4013883410a367,14.4,1,131,1,0xE,0x40,0xA36
2025-12-04 14:48:19,Oregon-THN132N,555555559995a5a6aa6a5aa9a99aa66aaa695a6a9a,ec40138824109312,14.3,1,131,1,0xE,0x40,0x931
2025-12-04 14:48:59,Oregon-THN132N,555555559995a5a6aa6a5aa9a96aa66aaaa95aa965,ec4013881410838d,14.2,1,131,1,0xE,0x40,0x838
2025-12-04 14:50:17,Oregon-THN132N,555555559995a5a6aa6a5aa9a9aaa66aaa565a55a9,ec401388041073f8,14.1,1,131,1,0xE,0x40,0x73F
2025-12-04 14:50:55,Oregon-THN132N,555555559995a5a6aa6a5aa9a9695a6aaa555a66aa,ec4013889310f350,14.0,1,131,1,0xE,0x40,0xF35
2025-12-04 14:52:14,Oregon-THN132N,555555559995a5a6aa6a5aa9a9a95a6aaa955a9a66,ec4013888310e325,13.9,1,131,1,0xE,0x40,0xE32
2025-12-04 14:52:52,Oregon-THN132N,555555559995a5a6aa6a5aa9a9565a6aaa655a96a6,ec4013887310d364,13.8,1,131,1,0xE,0x40,0xD36
2025-12-04 14:54:11,Oregon-THN132N,555555559995a5a6aa6a5aa9a9965a6aaaa55a6a6a,ec4013886310c311,13.7,1,131,1,0xE,0x40,0xC31
2025-12-04 14:55:29,Oregon-THN132N,555555559995a5a6aa6a5aa9a9665a6aaa595aa995,ec4013885310b38e,13.6,1,131,1,0xE,0x40,0xB38
2025-12-04 14:56:07,Oregon-THN132N,555555559995a5a6aa6a5aa9a9a65a6aaa995a5559,ec4013884310a3fb,13.5,1,131,1,0xE,0x40,0xA3F
2025-12-04 14:57:26,Oregon-THN132N,555555559995a5a6aa6a5aa9a95a5a6aaa695a656a,ec401388331093d1,13.4,1,131,1,0xE,0x40,0x93D
2025-12-04 14:59:22,Oregon-THN132N,555555559995a5a6aa6a5aa99a9a5a6aaa9a5a65a5,ec401382231023dc,13.3,1,131,1,0xE,0x40,0x23D
2025-12-04 15:01:59,Oregon-THN132N,555555559995a5a6aa6a5aa99a6a5a6aaa6a5aa65a,ec40138213101343,13.2,1,131,1,0xE,0x40,0x134
2025-12-04 15:03:17,Oregon-THN132N,555555559995a5a6aa6a5aa99aaa5a6aaaaa5a5a96,ec40138203100336,13.1,1,131,1,0xE,0x40,0x33
2025-12-04 15:05:53,Oregon-THN132N,555555559995a5a6aa6a5aa99a699a6aaaa95a5669,ec40138292108379,13.0,1,131,1,0xE,0x40,0x837
2025-12-04 15:08:29,Oregon-THN132N,555555559995a5a6aa6a5aa99aa99a6aaa565aaaa5,ec4013828210730c,12.9,1,131,1,0xE,0x40,0x730
2025-12-04 15:10:27,Oregon-THN132N,555555559995a5a6aa6aa995a9699a6aaa69a6aa6a,ec4018e892109401,12.8,1,131,1,0xE,0x40,0x940
2025-12-04 15:11:06,Oregon-THN132N,555555559995a5a6aa6aa995a9a95a6aaa69a69a66,ec4018e883109425,12.9,1,232,1,0xE,0x40,0x942
2025-12-04 15:11:44,Oregon-THN132N,555555559995a5a6aa6aa995a95aa66aaa66a69656,ec4018e834105467,13.8,1,232,1,0xE,0x40,0x546
2025-12-04 15:12:24,Oregon-THN132N,555555559995a5a6aa6aa995a956a66aaa69a6659a,ec4018e8741094d2,14.3,1,232,1,0xE,0x40,0x94D
2025-12-04 15:13:02,Oregon-THN132N,555555559995a5a6aa6aa995a9aa666aaa5aa69969,ec4018e8051034a9,14.7,1,232,1,0xE,0x40,0x34A
2025-12-04 15:13:42,Oregon-THN132N,555555559995a5a6aa6aa995a95a666aaa96a65a96,ec4018e835106436,15.0,1,232,1,0xE,0x40,0x643
2025-12-04 15:14:21,Oregon-THN132N,555555559995a5a6aa6aa995a966666aaaa9a69669,ec4018e855108469,15.3,1,232,1,0xE,0x40,0x846
2025-12-04 15:14:59,Oregon-THN132N,555555559995a5a6aa6aa995a9a9666aaa59a6a59a,ec4018e88510b4c2,15.5,1,232,1,0xE,0x40,0xB4C
2025-12-04 15:15:39,Oregon-THN132N,555555559995a5a6aa6aa995a9aa966aaaa6a66699,ec4018e80610445a,15.8,1,232,1,0xE,0x40,0x445
2025-12-04 15:16:18,Oregon-THN132N,555555559995a5a6aa6aa995a99a966aaa96a659aa,ec4018e8261064b0,16.0,1,232,1,0xE,0x40,0x64B
2025-12-04 15:16:57,Oregon-THN132N,555555559995a5a6aa6aa995a9a6966aaaa9a69555,ec4018e8461084ef,16.2,1,232,1,0xE,0x40,0x84E
2025-12-04 15:17:36,Oregon-THN132N,555555559995a5a6aa6aa995a966966aaa69a66999,ec4018e85610949a,16.4,1,232,1,0xE,0x40,0x949
2025-12-04 15:18:14,Oregon-THN132N,555555559995a5a6aa6aa995a956966aaa59a656aa,ec4018e87610b470,16.5,1,232,1,0xE,0x40,0xB47
2025-12-04 15:18:54,Oregon-THN132N,555555559995a5a6aa6aa995a9a9966aaaa5a65a6a,ec4018e88610c431,16.7,1,232,1,0xE,0x40,0xC43
2025-12-04 15:19:33,Oregon-THN132N,555555559995a5a6aa6aa995a969966aaa65a6a6a6,ec4018e89610d444,16.8,1,232,1,0xE,0x40,0xD44
2025-12-04 15:20:12,Oregon-THN132N,555555559995a5a6aa6aa995a9aa566aaa66a6aa59,ec4018e80710540b,16.9,1,232,1,0xE,0x40,0x540
2025-12-04 15:20:51,Oregon-THN132N,555555559995a5a6aa6aa995a96a566aaa96a65695,ec4018e81710647e,17.0,1,232,1,0xE,0x40,0x647
2025-12-04 15:21:29,Oregon-THN132N,555555559995a5a6aa6aa995a99a566aaa56a6956a,ec4018e8271074e1,17.1,1,232,1,0xE,0x40,0x74E
2025-12-04 15:22:09,Oregon-THN132N,555555559995a5a6aa6aa995a95a566aaaa9a669a6,ec4018e837108494,17.2,1,232,1,0xE,0x40,0x849
2025-12-04 15:22:48,Oregon-THN132N,555555559995a5a6aa6aa995a9a6566aaa69a65995,ec4018e8471094be,17.3,1,232,1,0xE,0x40,0x94B
2025-12-04 15:24:06,Oregon-THN132N,555555559995a5a6aa6aa995a966566aaa99a6a559,ec4018e85710a4cb,17.4,1,232,1,0xE,0x40,0xA4C
2025-12-04 15:24:45,Oregon-THN132N,555555559995a5a6aa6aa995a996566aaa59a666a6,ec4018e86710b454,17.5,1,232,1,0xE,0x40,0xB45
2025-12-04 15:26:03,Oregon-THN132N,555555559995a5a6aa6aa995a956566aaaa5a69a6a,ec4018e87710c421,17.6,1,232,1,0xE,0x40,0xC42
2025-12-04 15:27:21,Oregon-THN132N,555555559995a5a6aa6aa995a9a9566aaa65a696aa,ec4018e88710d460,17.7,1,232,1,0xE,0x40,0xD46
2025-12-04 15:28:39,Oregon-THN132N,555555559995a5a6aa6aa995a969566aaa95a66a66,ec4018e89710e415,17.8,1,232,1,0xE,0x40,0xE41
2025-12-04 15:29:57,Oregon-THN132N,555555559995a5a6aa6aa995a9aaa96aaa96a65a56,ec4018e808106437,17.9,1,232,1,0xE,0x40,0x643
2025-12-04 15:31:15,Oregon-THN132N,555555559995a5a6aa6aa995a96aa96aaa56a6a69a,ec4018e818107442,18.0,1,232,1,0xE,0x40,0x744
2025-12-04 15:32:33,Oregon-THN132N,555555559995a5a6aa6aa995a99aa96aaaa9a66565,ec4018e8281084dd,18.1,1,232,1,0xE,0x40,0x84D
2025-12-04 15:34:30,Oregon-THN132N,555555559995a5a6aa6aa995a95aa96aaa69a699a9,ec4018e8381094a8,18.2,1,232,1,0xE,0x40,0x94A
2025-12-04 15:37:45,Oregon-THN132N,555555559995a5a6aa6aa995a9a6a96aaa99a6a99a,ec4018e84810a482,18.3,1,232,1,0xE,0x40,0xA48
2025-12-04 15:41:00,Oregon-THN132N,555555559995a5a6aa6aa9956a669a9aaa555a5666,ec4018e15220f375,18.4,1,232,1,0xE,0x40,0xF37
2025-12-04 15:41:39,Oregon-THN132N,555555559995a5a6aa6aa9956a9a669aaa555a9569,ec4018e12520f3e9,22.5,1,232,1,0xE,0x40,0xF3E
2025-12-04 15:42:18,Oregon-THN132N,555555559995a5a6aa6aa9956aa6969aaa9aa6a666,ec4018e146202445,25.2,1,232,1,0xE,0x40,0x244
2025-12-04 15:42:57,Oregon-THN132N,555555559995a5a6aa6aa9956a6a569aaaaaa665a6,ec4018e1172004d4,26.4,1,232,1,0xE,0x40,0x4D
2025-12-04 15:43:36,Oregon-THN132N,555555559995a5a6aa6aa9956a96569aaa66a65595,ec4018e1672054fe,27.1,1,232,1,0xE,0x40,0x54F
2025-12-04 15:44:15,Oregon-THN132N,555555559995a5a6aa6aa9956aa9969aaa96a66959,ec4018e18620649b,27.6,1,232,1,0xE,0x40,0x649
2025-12-04 15:44:54,Oregon-THN132N,555555559995a5a6aa6aa9956a96669aaa5aa666a5,ec4018e16520345c,26.8,1,232,1,0xE,0x40,0x345
2025-12-04 15:45:33,Oregon-THN132N,555555559995a5a6aa6aa9956a96a69aaa9aa6aa65,ec4018e16420240d,25.6,1,232,1,0xE,0x40,0x240
2025-12-04 15:46:12,Oregon-THN132N,555555559995a5a6aa6aa9956a695a9aaaa6a65599,ec4018e1932044fa,24.6,1,232,1,0xE,0x40,0x44F
2025-12-04 15:46:51,Oregon-THN132N,555555559995a5a6aa6aa9956a5a5a9aaa955a5659,ec4018e13320e37b,23.9,1,232,1,0xE,0x40,0xE37
2025-12-04 15:47:30,Oregon-THN132N,555555559995a5a6aa6aa9956a569a9aaa6aa66955,ec4018e17220149f,23.3,1,232,1,0xE,0x40,0x149
2025-12-04 15:48:09,Oregon-THN132N,555555559995a5a6aa6aa9956a5a9a9aaa655a9a99,ec4018e13220d32a,22.7,1,232,1,0xE,0x40,0xD32
2025-12-04 15:48:48,Oregon-THN132N,555555559995a5a6aa6aa9956a696a9aaa9aa666a9,ec4018e191202458,22.3,1,232,1,0xE,0x40,0x245
2025-12-04 15:49:27,Oregon-THN132N,555555559995a5a6aa6aa9956a666a9aaa955aa996,ec4018e15120e386,21.9,1,232,1,0xE,0x40,0xE38
2025-12-04 15:50:06,Oregon-THN132N,555555559995a5a6aa6aa9956a9a6a9aaa595a99a5,ec4018e12120b3ac,21.5,1,232,1,0xE,0x40,0xB3A
2025-12-04 15:50:45,Oregon-THN132N,555555559995a5a6aa6aa9956aaa6a9aaa695aa696,ec4018e101209346,21.2,1,232,1,0xE,0x40,0x934
2025-12-04 15:51:24,Oregon-THN132N,555555559995a5a6aa6aa9956a56aa9aaa555a5a65,ec4018e17020f33d,21.0,1,232,1,0xE,0x40,0xF33
2025-12-04 15:52:03,Oregon-THN132N,555555559995a5a6aa6aa9956a96aa9aaa955aa6a9,ec4018e16020e348,20.7,1,232,1,0xE,0x40,0xE34
2025-12-04 15:52:42,Oregon-THN132N,555555559995a5a6aa6aa9956aa6aa9aaaa55a999a,ec4018e14020c3a2,20.6,1,232,1,0xE,0x40,0xC3A
2025-12-04 15:53:21,Oregon-THN132N,555555559995a5a6aa6aa9956a9aaa9aaa995a5565,ec4018e12020a3fd,20.4,1,232,1,0xE,0x40,0xA3F
2025-12-04 15:53:28,Oregon-THN132N,555555559995a5a6aa6a665aa99aaa9aaa5a5a6695,ec4015382020335e,20.2,1,232,1,0xE,0x40,0x335
2025-12-04 15:54:07,Oregon-THN132N,555555559995a5a6aa6a665aa969696aaa9aa656a9,ec40153899102478,20.2,1,53,1,0xE,0x40,0x247
2025-12-04 15:54:47,Oregon-THN132N,555555559995a5a6aa6a665aa99a696aaa595aa9a5,ec4015382910b38c,19.9,1,53,1,0xE,0x40,0xB38
2025-12-04 15:55:25,Oregon-THN132N,555555559995a5a6aa6a665aa956a96aaa555a6a65,ec4015387810f31d,19.2,1,53,1,0xE,0x40,0xF31
2025-12-04 15:56:05,Oregon-THN132N,555555559995a5a6aa6a665aa99aa96aaa995a6565,ec4015382810a3dd,18.7,1,53,1,0xE,0x40,0xA3D
2025-12-04 15:56:43,Oregon-THN132N,555555559995a5a6aa6a665aa9a9566aaa555a96aa,ec4015388710f360,18.2,1,53,1,0xE,0x40,0xF36
2025-12-04 15:57:22,Oregon-THN132N,555555559995a5a6aa6a665aa9a6566aaa595a5995,ec4015384710b3be,17.8,1,53,1,0xE,0x40,0xB3B
2025-12-04 15:58:02,Oregon-THN132N,555555559995a5a6aa6a665aa96a566aaaa95a5695,ec4015381710837e,17.4,1,53,1,0xE,0x40,0x837
2025-12-04 15:58:40,Oregon-THN132N,555555559995a5a6aa6a665aa9a9966aaa955a5a6a,ec4015388610e331,17.1,1,53,1,0xE,0x40,0xE33
2025-12-04 15:59:20,Oregon-THN132N,555555559995a5a6aa6a665aa966966aaa595a6999,ec4015385610b39a,16.8,1,53,1,0xE,0x40,0xB39
2025-12-04 15:59:58,Oregon-THN132N,555555559995a5a6aa6a665aa95a966aaa695aa566,ec401538361093c5,16.5,1,53,1,0xE,0x40,0x93C
2025-12-04 16:00:37,Oregon-THN132N,555555559995a5a6aa6a665aa96a966aaa565a9a55,ec4015381610732f,16.3,1,53,1,0xE,0x40,0x732
2025-12-04 16:01:17,Oregon-THN132N,555555559995a5a6aa6a665aa969666aaa955a5956,ec4015389510e3b7,16.1,1,53,1,0xE,0x40,0xE3B
2025-12-04 16:01:55,Oregon-THN132N,555555559995a5a6aa6a665aa9a9666aaa655aa59a,ec4015388510d3c2,15.9,1,53,1,0xE,0x40,0xD3C
2025-12-04 16:02:35,Oregon-THN132N,555555559995a5a6aa6a665aa996666aaa595a5596,ec4015386510b3f6,15.8,1,53,1,0xE,0x40,0xB3F
2025-12-04 16:03:14,Oregon-THN132N,555555559995a5a6aa6a665aa9a6666aaa695a6aa5,ec4015384510931c,15.6,1,53,1,0xE,0x40,0x931
2025-12-04 16:03:52,Oregon-THN132N,555555559995a5a6aa6a665aa95a666aaaa95a5a96,ec40153835108336,15.4,1,53,1,0xE,0x40,0x833
2025-12-04 16:04:32,Oregon-THN132N,555555559995a5a6aa6a665aa99a666aaa565aa65a,ec40153825107343,15.3,1,53,1,0xE,0x40,0x734
2025-12-04 16:05:10,Oregon-THN132N,555555559995a5a6aa6a665aa96a666aaa965a65a5,ec401538151063dc,15.2,1,53,1,0xE,0x40,0x63D
2025-12-04 16:05:50,Oregon-THN132N,555555559995a5a6aa6a665aa969a66aaa655a9596,ec4015389410d3e6,15.1,1,53,1,0xE,0x40,0xD3E
2025-12-04 16:06:29,Oregon-THN132N,555555559995a5a6aa6a665aa9a9a66aaaa55a695a,ec4015388410c393,14.9,1,53,1,0xE,0x40,0xC39
2025-12-04 16:07:07,Oregon-THN132N,555555559995a5a6aa6a665aa996a66aaa995a9956,ec4015386410a3a7,14.8,1,53,1,0xE,0x40,0xA3A
2025-12-04 16:07:47,Oregon-THN132N,555555559995a5a6aa6a665aa966a66aaa695a5aa9,ec40153854109338,14.6,1,53,1,0xE,0x40,0x933
2025-12-04 16:09:05,Oregon-THN132N,555555559995a5a6aa6a665aa9a6a66aaaa95aa665,ec4015384410834d,14.5,1,53,1,0xE,0x40,0x834
2025-12-04 16:09:44,Oregon-THN132N,555555559995a5a6aa6a665aa95aa66aaa565a9656,ec40153834107367,14.4,1,53,1,0xE,0x40,0x736
2025-12-04 16:10:22,Oregon-THN132N,555555559995a5a6aa6a665aa99aa66aaa965a6a9a,ec40153824106312,14.3,1,53,1,0xE,0x40,0x631
2025-12-04 16:11:02,Oregon-THN132N,555555559995a5a6aa6a665aa96aa66aaa665aa965,ec4015381410538d,14.2,1,53,1,0xE,0x40,0x538
2025-12-04 16:12:59,Oregon-THN132N,555555559995a5a6aa6a665aa9aaa66aaaa65a55a9,ec401538041043f8,14.1,1,53,1,0xE,0x40,0x43F
2025-12-04 16:16:14,Oregon-THN132N,555555559995a5a6aa6a665aa9695a6aaaa55a66aa,ec4015389310c350,14.0,1,53,1,0xE,0x40,0xC35
2025-12-04 16:16:53,Oregon-THN132N,555555559995a5a6aa6a665aa9a95a6aaa595a9a66,ec4015388310b325,13.9,1,53,1,0xE,0x40,0xB32
2025-12-04 16:18:50,Oregon-THN132N,555555559995a5a6aa6a665aa9565a6aaa995a96a6,ec4015387310a364,13.8,1,53,1,0xE,0x40,0xA36
2025-12-04 16:22:05,Oregon-THN132N,555555559995a5a6aa6a665aa9965a6aaa695a6a6a,ec40153863109311,13.7,1,53,1,0xE,0x40,0x931
2025-12-04 16:24:02,Oregon-THN132N,555555559995a5a6aa6a665a9a965a6aaa5a5a9669,ec40153263103369,13.6,1,53,1,0xE,0x40,0x336
2025-12-04 16:24:41,Oregon-THN132N,555555559995a5a6aa6a665a9a665a6aaa9a5a5596,ec401532531023f6,13.6,1,53,1,0xE,0x40,0x23F
2025-12-04 16:26:38,Oregon-THN132N,555555559995a5a6aa6a665a9aa65a6aaa6a5aa95a,ec40153243101383,13.5,1,53,1,0xE,0x40,0x138
2025-12-04 16:31:11,Oregon-THN132N,555555559995a5a6aa6a665a9a5a5a6aaaaa5a9969,ec401532331003a9,13.4,1,53,1,0xE,0x40,0x3A
2025-12-04 16:34:13,Oregon-THN132N,555555559995a5a6aa6a569aa95a5a6aaa565a656a,ec401728331073d1,13.3,1,53,1,0xE,0x40,0x73D
2025-12-04 16:34:52,Oregon-THN132N,555555559995a5a6aa6a569aa9aaa66aaa665a55a9,ec401728041053f8,13.3,1,39,1,0xE,0x40,0x53F
2025-12-04 16:35:31,Oregon-THN132N,555555559995a5a6aa6a569aa996a66aaa595a9956,ec4017286410b3a7,14.0,1,39,1,0xE,0x40,0xB3A
2025-12-04 16:36:10,Oregon-THN132N,555555559995a5a6aa6a569aa9aa666aaa965a9969,ec401728051063a9,14.6,1,39,1,0xE,0x40,0x63A
2025-12-04 16:36:49,Oregon-THN132N,555555559995a5a6aa6a569aa95a666aaa695a5a96,ec40172835109336,15.0,1,39,1,0xE,0x40,0x933
2025-12-04 16:37:28,Oregon-THN132N,555555559995a5a6aa6a569aa996666aaaa55a5596,ec4017286510c3f6,15.3,1,39,1,0xE,0x40,0xC3F
2025-12-04 16:38:07,Oregon-THN132N,555555559995a5a6aa6a569aa9a9666aaa955aa59a,ec4017288510e3c2,15.6,1,39,1,0xE,0x40,0xE3C
2025-12-04 16:38:46,Oregon-THN132N,555555559995a5a6aa6a569aa9aa966aaa565a6699,ec4017280610735a,15.8,1,39,1,0xE,0x40,0x735
2025-12-04 16:39:25,Oregon-THN132N,555555559995a5a6aa6a569aa99a966aaa695a59aa,ec401728261093b0,16.0,1,39,1,0xE,0x40,0x93B
2025-12-04 16:40:04,Oregon-THN132N,555555559995a5a6aa6a569aa95a966aaa995aa566,ec4017283610a3c5,16.2,1,39,1,0xE,0x40,0xA3C
2025-12-04 16:40:43,Oregon-THN132N,555555559995a5a6aa6a569aa9a6966aaa595a9555,ec4017284610b3ef,16.3,1,39,1,0xE,0x40,0xB3E
2025-12-04 16:41:22,Oregon-THN132N,555555559995a5a6aa6a569aa966966aaaa55a6999,ec4017285610c39a,16.4,1,39,1,0xE,0x40,0xC39
2025-12-04 16:42:01,Oregon-THN132N,555555559995a5a6aa6a569aa996966aaa655aaa66,ec4017286610d305,16.5,1,39,1,0xE,0x40,0xD30
2025-12-04 16:42:40,Oregon-THN132N,555555559995a5a6aa6a569aa956966aaa955a56aa,ec4017287610e370,16.6,1,39,1,0xE,0x40,0xE37
2025-12-04 16:43:20,Oregon-THN132N,555555559995a5a6aa6a569aa9a9966aaa555a5a6a,ec4017288610f331,16.7,1,39,1,0xE,0x40,0xF33
2025-12-04 16:44:37,Oregon-THN132N,555555559995a5a6aa6a569aa9aa566aaaa95aaa59,ec4017280710830b,16.8,1,39,1,0xE,0x40,0x830
